x,y,z,Fx,Fy,Fz
-0.0416666666667,-0.0416666666667,0.0,-0.008734573234223745,-0.008734573234223745,0.0
-0.04,-0.0416666666667,0.0,-0.017244854020004665,-0.008821975834945818,1.2947207284258385e-18
-0.0383333333333,-0.0416666666667,0.0,-0.01678518041136755,-0.00890826237333044,0.0
-0.0366666666667,-0.0416666666667,0.0,-0.016302987081013274,-0.008993231769856362,1.2947207284258385e-18
-0.035,-0.0416666666667,0.0,-0.015797619270560236,-0.009076674756562023,1.2947207284258385e-18
-0.0333333333333,-0.0416666666667,0.0,-0.015268489054774861,-0.009158374667288402,0.0
-0.0316666666667,-0.0416666666667,0.0,-0.014715090133442351,-0.00923810838689828,0.0
-0.03,-0.0416666666667,0.0,-0.01413701347612485,-0.009315647461369918,0.0
-0.0283333333333,-0.0416666666667,0.0,-0.01353396358035009,-0.009390759367254975,0.0
-0.0266666666667,-0.0416666666667,0.0,-0.012905775037339423,-0.009463208935303662,0.0
-0.025,-0.0416666666667,0.0,-0.012252429031259655,-0.009532759918835986,0.0
-0.0233333333333,-0.0416666666667,0.0,-0.011574069329194478,-0.009599176693187867,0.0
-0.0216666666667,-0.0416666666667,0.0,-0.010871017260019598,-0.009662226068425733,0.0
-0.02,-0.0416666666667,0.0,-0.010143785132959724,-0.009721679193319134,0.0
-0.0183333333333,-0.0416666666667,0.0,-0.009393087514413211,-0.009777313524856153,0.0
-0.0166666666667,-0.0416666666667,0.0,-0.008619849773771181,-0.009828914834486667,0.0
-0.015,-0.0416666666667,0.0,-0.007825213328465808,-0.009876279219678897,0.0
-0.0133333333333,-0.0416666666667,0.0,-0.007010537067832049,-0.009919215087698984,0.0
-0.0116666666667,-0.0416666666667,0.0,-0.006177394518690901,-0.009957545077822504,0.0
-0.01,-0.0416666666667,0.0,-0.00532756643212793,-0.009991107888250956,0.0
-0.00833333333333,-0.0416666666667,0.0,-0.004463028617023824,-0.010019759975102589,-1.2947207284258385e-18
-0.00666666666667,-0.0416666666667,0.0,-0.0035859350171216133,-0.010043377092850721,0.0
-0.005,-0.0416666666667,0.0,-0.002698596216600234,-0.01006185564821486,-1.2947207284258385e-18
-0.00333333333333,-0.0416666666667,0.0,-0.0018034537532138786,-0.0100751138429227,6.473603642129193e-19
-0.00166666666667,-0.0416666666667,0.0,-0.0009030508066178969,-0.010083092584624248,-6.473603642129193e-19
4.33680868994e-19,-0.0416666666667,0.0,1.1288379072116588e-19,-0.01008575614949738,0.0
0.00166666666667,-0.0416666666667,0.0,0.0009030508066178971,-0.010083092584624248,-6.473603642129193e-19
0.00333333333333,-0.0416666666667,0.0,0.0018034537532138786,-0.0100751138429227,6.473603642129193e-19
0.005,-0.0416666666667,0.0,0.002698596216600234,-0.01006185564821486,-1.2947207284258385e-18
0.00666666666667,-0.0416666666667,0.0,0.003585935017121613,-0.010043377092850721,0.0
0.00833333333333,-0.0416666666667,0.0,0.0044630286170238235,-0.010019759975102587,-1.2947207284258385e-18
0.01,-0.0416666666667,0.0,0.005327566432127931,-0.009991107888250956,0.0
0.0116666666667,-0.0416666666667,0.0,0.006177394518690901,-0.009957545077822504,0.0
0.0133333333333,-0.0416666666667,0.0,0.007010537067832049,-0.009919215087698984,0.0
0.015,-0.0416666666667,0.0,0.007825213328465808,-0.009876279219678897,0.0
0.0166666666667,-0.0416666666667,0.0,0.008619849773771181,-0.009828914834486667,0.0
0.0183333333333,-0.0416666666667,0.0,0.009393087514413213,-0.009777313524856153,0.0
0.02,-0.0416666666667,0.0,0.010143785132959724,-0.009721679193319134,0.0
0.0216666666667,-0.0416666666667,0.0,0.010871017260019598,-0.009662226068425733,0.0
0.0233333333333,-0.0416666666667,0.0,0.011574069329194478,-0.009599176693187867,0.0
0.025,-0.0416666666667,0.0,0.012252429031259655,-0.009532759918835986,-1.2947207284258385e-18
0.0266666666667,-0.0416666666667,0.0,0.012905775037339424,-0.009463208935303662,0.0
0.0283333333333,-0.0416666666667,0.0,0.013533963580350087,-0.009390759367254975,0.0
0.03,-0.0416666666667,0.0,0.01413701347612485,-0.009315647461369918,0.0
0.0316666666667,-0.0416666666667,0.0,0.014715090133442355,-0.00923810838689828,0.0
0.0333333333333,-0.0416666666667,0.0,0.015268489054774861,-0.009158374667288402,0.0
0.035,-0.0416666666667,0.0,0.015797619270560236,-0.009076674756562023,1.2947207284258385e-18
0.0366666666667,-0.0416666666667,0.0,0.016302987081013274,-0.008993231769856362,1.2947207284258385e-18
0.0383333333333,-0.0416666666667,0.0,0.016785180411367548,-0.00890826237333044,-8.092004552661491e-20
0.04,-0.0416666666667,0.0,0.017244854020004665,-0.008821975834945817,1.2947207284258385e-18
0.0416666666667,-0.0416666666667,0.0,0.008734573234223745,-0.008734573234223745,0.0
-0.0416666666667,-0.04,0.0,-0.008821975834945817,-0.017244854020004544,1.2947207284258385e-18
-0.04,-0.04,0.0,-0.01742031796799541,-0.01742031796799541,0.0
-0.0383333333333,-0.04,0.0,-0.016961737435012267,-0.01759363602358279,0.0
-0.0366666666667,-0.04,0.0,-0.016480161172356438,-0.017764401727560775,-1.2947207284258385e-18
-0.035,-0.04,0.0,-0.015974879408631005,-0.017932191222277537,0.0
-0.0333333333333,-0.04,0.0,-0.015445248271857373,-0.01809656480440288,0.0
-0.0316666666667,-0.04,0.0,-0.014890705461880285,-0.018257068812242858,0.0
-0.03,-0.04,0.0,-0.01431078693656761,-0.01841323785403922,0.0
-0.0283333333333,-0.04,0.0,-0.013705144368179911,-0.018564597376653946,0.0
-0.0266666666667,-0.04,0.0,-0.013073563051700033,-0.018710666566307765,-6.473603642129193e-19
-0.025,-0.04,0.0,-0.012415979869278919,-0.01885096156407851,0.0
-0.0233333333333,-0.04,0.0,-0.011732500835549258,-0.018984998969714038,0.0
-0.0216666666667,-0.04,0.0,-0.011023417678597118,-0.019112299598251392,1.2947207284258385e-18
-0.02,-0.04,0.0,-0.01028922285324253,-0.019232392444622746,0.0
-0.0183333333333,-0.04,0.0,-0.009530622341392495,-0.01934481880302268,6.473603642129193e-19
-0.0166666666667,-0.04,0.0,-0.008748545578891744,-0.019449136480597536,0.0
-0.015,-0.04,0.0,-0.007944151863462078,-0.019544924038788086,0.0
-0.0133333333333,-0.04,0.0,-0.00711883264741545,-0.019631784991362863,0.0
-0.0116666666667,-0.04,0.0,-0.006274209206887434,-0.01970935188594687,6.473603642129193e-19
-0.01,-0.04,0.0,-0.005412125306015815,-0.019777290195328357,-8.092004552661491e-20
-0.00833333333333,-0.04,0.0,-0.004534634636103559,-0.019835301946593643,0.0
-0.00666666666667,-0.04,0.0,-0.003643983001546533,-0.0198831290199916,0.0
-0.005,-0.04,0.0,-0.002742585436896623,-0.019920556054805166,0.0
-0.00333333333333,-0.04,0.0,-0.0018329986602835424,-0.01994741290675898,-1.2947207284258385e-18
-0.00166666666667,-0.04,0.0,-0.000917889484136613,-0.019963576609907,0.0
4.33680868994e-19,-0.04,0.0,1.2203828498613064e-19,-0.019968972805415947,0.0
0.00166666666667,-0.04,0.0,0.0009178894841366134,-0.019963576609907,0.0
0.00333333333333,-0.04,0.0,0.001832998660283542,-0.01994741290675898,-1.2947207284258385e-18
0.005,-0.04,0.0,0.002742585436896623,-0.019920556054805166,0.0
0.00666666666667,-0.04,0.0,0.003643983001546533,-0.0198831290199916,0.0
0.00833333333333,-0.04,0.0,0.004534634636103559,-0.01983530194659364,-3.2368018210645963e-19
0.01,-0.04,0.0,0.005412125306015815,-0.019777290195328357,-8.092004552661491e-20
0.0116666666667,-0.04,0.0,0.006274209206887434,-0.01970935188594687,6.473603642129193e-19
0.0133333333333,-0.04,0.0,0.00711883264741545,-0.019631784991362863,0.0
0.015,-0.04,0.0,0.007944151863462078,-0.019544924038788086,0.0
0.0166666666667,-0.04,0.0,0.008748545578891745,-0.019449136480597536,0.0
0.0183333333333,-0.04,0.0,0.009530622341392495,-0.01934481880302268,6.473603642129193e-19
0.02,-0.04,0.0,0.01028922285324253,-0.019232392444622746,0.0
0.0216666666667,-0.04,0.0,0.011023417678597118,-0.019112299598251392,1.2947207284258385e-18
0.0233333333333,-0.04,0.0,0.011732500835549262,-0.018984998969714034,0.0
0.025,-0.04,0.0,0.012415979869278924,-0.01885096156407851,0.0
0.0266666666667,-0.04,0.0,0.013073563051700033,-0.01871066656630776,0.0
0.0283333333333,-0.04,0.0,0.013705144368179914,-0.018564597376653946,0.0
0.03,-0.04,0.0,0.01431078693656761,-0.01841323785403922,0.0
0.0316666666667,-0.04,0.0,0.014890705461880285,-0.018257068812242858,0.0
0.0333333333333,-0.04,0.0,0.015445248271857373,-0.01809656480440288,0.0
0.035,-0.04,0.0,0.015974879408631005,-0.017932191222277537,0.0
0.0366666666667,-0.04,0.0,0.016480161172356438,-0.017764401727560775,-1.2947207284258385e-18
0.0383333333333,-0.04,0.0,0.016961737435012267,-0.01759363602358279,0.0
0.04,-0.04,0.0,0.01742031796799541,-0.01742031796799541,0.0
0.0416666666667,-0.04,0.0,0.008821975834945817,-0.017244854020004544,1.2947207284258385e-18
-0.0416666666667,-0.0383333333333,0.0,-0.008908262373330556,-0.01678518041136756,0.0
-0.04,-0.0383333333333,0.0,-0.01759363602358291,-0.016961737435012267,0.0
-0.0383333333333,-0.0383333333333,0.0,-0.01713632618262591,-0.01713632618262591,6.473603642129193e-19
-0.0366666666667,-0.0383333333333,0.0,-0.01665555416425845,-0.017308532382345046,0.0
-0.035,-0.0383333333333,0.0,-0.016150553524412463,-0.017477922300471422,2.589441456851677e-18
-0.0333333333333,-0.0383333333333,0.0,-0.015620622438495133,-0.017644044226717344,0.0
-0.0316666666667,-0.0383333333333,0.0,-0.015065140259662456,-0.017806430326987092,0.0
-0.03,-0.0383333333333,0.0,-0.014483585266329894,-0.01796459887583102,0.0
-0.0283333333333,-0.0383333333333,0.0,-0.013875553353346063,-0.018118056873276903,0.0
-0.0266666666667,-0.0383333333333,0.0,-0.013240777338003468,-0.018266303042342998,0.0
-0.025,-0.0383333333333,0.0,-0.012579146464133953,-0.018408831193556994,0.0
-0.0233333333333,-0.0383333333333,0.0,-0.011890725596448578,-0.01854513393234491,6.473603642129193e-19
-0.0216666666667,-0.0383333333333,0.0,-0.011175773515045576,-0.018674706674458683,0.0
-0.02,-0.0383333333333,0.0,-0.010434759649604235,-0.01879705192340731,0.0
-0.0183333333333,-0.0383333333333,0.0,-0.0096683785395752,-0.018911683753356553,0.0
-0.0166666666667,-0.0383333333333,0.0,-0.008877561282259264,-0.019018132431548603,0.0
-0.015,-0.0383333333333,0.0,-0.008063483240088942,-0.01911594910584352,-4.0460022763307453e-20
-0.0133333333333,-0.0383333333333,0.0,-0.007227567326262771,-0.01920471047659781,0.0
-0.0116666666667,-0.0383333333333,0.0,-0.00637148228023428,-0.01928402336800812,0.0
-0.01,-0.0383333333333,0.0,-0.005497135481638413,-0.019353529112033044,0.0
-0.00833333333333,-0.0383333333333,0.0,-0.004606660029493284,-0.019412907658761552,0.0
-0.00666666666667,-0.0383333333333,0.0,-0.00370239602769682,-0.019461881330503736,-1.2947207284258385e-18
-0.005,-0.0383333333333,0.0,-0.002786866257521461,-0.01950021814242495,-1.2947207284258385e-18
-0.00333333333333,-0.0383333333333,0.0,-0.0018627466686626703,-0.019527734620625847,0.0
-0.00166666666667,-0.0383333333333,0.0,-0.0009328323667660184,-0.019544298058431067,0.0
4.33680868994e-19,-0.0383333333333,0.0,1.429158374108562e-19,-0.019549828163162343,0.0
0.00166666666667,-0.0383333333333,0.0,0.0009328323667660188,-0.019544298058431067,0.0
0.00333333333333,-0.0383333333333,0.0,0.0018627466686626703,-0.019527734620625847,0.0
0.005,-0.0383333333333,0.0,0.002786866257521461,-0.01950021814242495,-1.2947207284258385e-18
0.00666666666667,-0.0383333333333,0.0,0.00370239602769682,-0.019461881330503736,-1.2947207284258385e-18
0.00833333333333,-0.0383333333333,0.0,0.004606660029493284,-0.019412907658761552,0.0
0.01,-0.0383333333333,0.0,0.005497135481638413,-0.019353529112033044,0.0
0.0116666666667,-0.0383333333333,0.0,0.006371482280234282,-0.01928402336800812,0.0
0.0133333333333,-0.0383333333333,0.0,0.007227567326262774,-0.01920471047659781,6.473603642129193e-19
0.015,-0.0383333333333,0.0,0.00806348324008894,-0.01911594910584352,-4.0460022763307453e-20
0.0166666666667,-0.0383333333333,0.0,0.008877561282259264,-0.019018132431548603,0.0
0.0183333333333,-0.0383333333333,0.0,0.0096683785395752,-0.018911683753356553,0.0
0.02,-0.0383333333333,0.0,0.010434759649604235,-0.01879705192340731,0.0
0.0216666666667,-0.0383333333333,0.0,0.011175773515045576,-0.018674706674458683,0.0
0.0233333333333,-0.0383333333333,0.0,0.011890725596448578,-0.01854513393234491,6.473603642129193e-19
0.025,-0.0383333333333,0.0,0.012579146464133953,-0.018408831193556994,0.0
0.0266666666667,-0.0383333333333,0.0,0.013240777338003466,-0.018266303042342998,-1.2947207284258385e-18
0.0283333333333,-0.0383333333333,0.0,0.013875553353346063,-0.018118056873276903,0.0
0.03,-0.0383333333333,0.0,0.014483585266329896,-0.01796459887583102,0.0
0.0316666666667,-0.0383333333333,0.0,0.015065140259662456,-0.017806430326987092,0.0
0.0333333333333,-0.0383333333333,0.0,0.015620622438495133,-0.017644044226717347,1.6184009105322981e-19
0.035,-0.0383333333333,0.0,0.016150553524412463,-0.017477922300471422,2.589441456851677e-18
0.0366666666667,-0.0383333333333,0.0,0.01665555416425845,-0.017308532382345046,0.0
0.0383333333333,-0.0383333333333,0.0,0.017136326182625915,-0.01713632618262591,6.473603642129193e-19
0.04,-0.0383333333333,0.0,0.01759363602358291,-0.016961737435012267,0.0
0.0416666666667,-0.0383333333333,0.0,0.008908262373330556,-0.01678518041136756,-8.092004552661491e-20
-0.0416666666667,-0.0366666666667,0.0,-0.008993231769856357,-0.0163029870810134,0.0
-0.04,-0.0366666666667,0.0,-0.017764401727560775,-0.016480161172356438,-1.2947207284258385e-18
-0.0383333333333,-0.0366666666667,0.0,-0.01730853238234505,-0.01665555416425845,0.0
-0.0366666666667,-0.0366666666667,0.0,-0.01682874565476054,-0.016828745654760537,0.0
-0.035,-0.0366666666667,0.0,-0.01632421697889254,-0.016999293691548442,0.0
-0.0333333333333,-0.0366666666667,0.0,-0.015794184771083807,-0.01716673616507458,0.0
-0.0316666666667,-0.0366666666667,0.0,-0.015237967873003133,-0.017330592601439456,1.2947207284258385e-18
-0.03,-0.0366666666667,0.0,-0.014654984373775238,-0.017490366373667382,3.2368018210645963e-19
-0.0283333333333,-0.0366666666667,0.0,-0.014044771566205726,-0.01764554734232914,1.2947207284258385e-18
-0.0266666666667,-0.0366666666667,0.0,-0.013407006699756242,-0.017795614927476906,0.0
-0.025,-0.0366666666667,0.0,-0.012741528093951345,-0.017940041602928888,0.0
-0.0233333333333,-0.0366666666667,0.0,-0.01204835607205834,-0.018078296792154405,0.0
-0.0216666666667,-0.0366666666667,0.0,-0.011327713078986086,-0.018209851132616632,-1.2947207284258385e-18
-0.02,-0.0366666666667,0.0,-0.010580042263069309,-0.018334181062183992,0.0
-0.0183333333333,-0.0366666666667,0.0,-0.009806023735094479,-0.018450773668404363,0.0
-0.0166666666667,-0.0366666666667,0.0,-0.009006587682642387,-0.018559131729519243,0.0
-0.015,-0.0366666666667,0.0,-0.008182923519902829,-0.018658778865071446,0.0
-0.0133333333333,-0.0366666666667,0.0,-0.007336484298467897,-0.018749264705067402,1.2947207284258385e-18
-0.0116666666667,-0.0366666666667,0.0,-0.006468985700632862,-0.018830169980308484,0.0
-0.01,-0.0366666666667,0.0,-0.005582399084373047,-0.018901111432580175,0.0
-0.00833333333333,-0.0366666666667,0.0,-0.004678938245113519,-0.01896174644278692,-1.6184009105322981e-19
-0.00666666666667,-0.0366666666667,0.0,-0.0037610397980248895,-0.019011777277802476,0.0
-0.005,-0.0366666666667,0.0,-0.0028313373541922877,-0.019050954862366257,6.473603642129193e-19
-0.00333333333333,-0.0366666666667,0.0,-0.0018926299483295857,-0.01907908199123003,0.0
-0.00166666666667,-0.0366666666667,0.0,-0.0009478454565635966,-0.019096015908185066,0.0
4.33680868994e-19,-0.0366666666667,0.0,1.0683146130876061e-18,-0.019101670192403095,0.0
0.00166666666667,-0.0366666666667,0.0,0.0009478454565635969,-0.01909601590818507,1.2947207284258385e-18
0.00333333333333,-0.0366666666667,0.0,0.0018926299483295846,-0.01907908199123003,0.0
0.005,-0.0366666666667,0.0,0.0028313373541922877,-0.019050954862366257,6.473603642129193e-19
0.00666666666667,-0.0366666666667,0.0,0.0037610397980248895,-0.019011777277802476,0.0
0.00833333333333,-0.0366666666667,0.0,0.004678938245113519,-0.01896174644278692,-1.6184009105322981e-19
0.01,-0.0366666666667,0.0,0.005582399084373047,-0.018901111432580175,0.0
0.0116666666667,-0.0366666666667,0.0,0.006468985700632862,-0.018830169980308484,0.0
0.0133333333333,-0.0366666666667,0.0,0.007336484298467895,-0.018749264705067402,1.2947207284258385e-18
0.015,-0.0366666666667,0.0,0.008182923519902827,-0.018658778865071446,0.0
0.0166666666667,-0.0366666666667,0.0,0.009006587682642387,-0.018559131729519247,0.0
0.0183333333333,-0.0366666666667,0.0,0.009806023735094482,-0.018450773668404363,0.0
0.02,-0.0366666666667,0.0,0.010580042263069309,-0.018334181062183992,0.0
0.0216666666667,-0.0366666666667,0.0,0.011327713078986086,-0.018209851132616632,-1.2947207284258385e-18
0.0233333333333,-0.0366666666667,0.0,0.01204835607205834,-0.018078296792154405,0.0
0.025,-0.0366666666667,0.0,0.012741528093951342,-0.017940041602928888,0.0
0.0266666666667,-0.0366666666667,0.0,0.013407006699756242,-0.017795614927476906,0.0
0.0283333333333,-0.0366666666667,0.0,0.01404477156620572,-0.01764554734232914,1.2947207284258385e-18
0.03,-0.0366666666667,0.0,0.014654984373775238,-0.017490366373667382,3.2368018210645963e-19
0.0316666666667,-0.0366666666667,0.0,0.015237967873003133,-0.017330592601439456,0.0
0.0333333333333,-0.0366666666667,0.0,0.015794184771083807,-0.017166736165074584,0.0
0.035,-0.0366666666667,0.0,0.01632421697889254,-0.016999293691548442,0.0
0.0366666666667,-0.0366666666667,0.0,0.016828745654760537,-0.016828745654760537,0.0
0.0383333333333,-0.0366666666667,0.0,0.017308532382345043,-0.01665555416425845,-1.2947207284258385e-18
0.04,-0.0366666666667,0.0,0.017764401727560775,-0.016480161172356438,-1.2947207284258385e-18
0.0416666666667,-0.0366666666667,0.0,0.008993231769856362,-0.0163029870810134,1.2947207284258385e-18
-0.0416666666667,-0.035,0.0,-0.009076674756562023,-0.015797619270560233,1.2947207284258385e-18
-0.04,-0.035,0.0,-0.017932191222277537,-0.015974879408631005,0.0
-0.0383333333333,-0.035,0.0,-0.017477922300471422,-0.01615055352441258,2.589441456851677e-18
-0.0366666666667,-0.035,0.0,-0.016999293691548442,-0.016324216978892664,0.0
-0.035,-0.035,0.0,-0.01649542150239323,-0.01649542150239323,0.0
-0.0333333333333,-0.035,0.0,-0.01596548282159978,-0.016663696470493455,1.2947207284258385e-18
-0.0316666666667,-0.035,0.0,-0.01540873403943,-0.016828550610377684,0.0
-0.03,-0.035,0.0,-0.014824530750609523,-0.016989474163508034,0.0
-0.0283333333333,-0.035,0.0,-0.014212348998484933,-0.017145941522736546,0.0
-0.0266666666667,-0.035,0.0,-0.013571807517170242,-0.01729741435253681,-6.473603642129193e-19
-0.025,-0.035,0.0,-0.012902690517588307,-0.01744334518925326,0.0
-0.0233333333333,-0.035,0.0,-0.012204970445657364,-0.017583181505185983,0.0
-0.0216666666667,-0.035,0.0,-0.011478830029934701,-0.017716370206205156,0.0
-0.02,-0.035,0.0,-0.010724682836169223,-0.017842362517192702,0.0
-0.0183333333333,-0.035,0.0,-0.009943191464904497,-0.01796061919425952,-1.2947207284258385e-18
-0.0166666666667,-0.035,0.0,-0.009135282480176993,-0.018070615987992287,-1.2947207284258385e-18
-0.015,-0.035,0.0,-0.00830215715026764,-0.01817184926800627,0.0
-0.0133333333333,-0.035,0.0,-0.007445297122905847,-0.018263841707282923,0.0
-0.0116666666667,-0.035,0.0,-0.00656646425617779,-0.01834614791568162,0.0
-0.01,-0.035,0.0,-0.005667693984585717,-0.01841835990576024,0.0
-0.00833333333333,-0.035,0.0,-0.0047512818143350625,-0.018480112271652978,-1.2947207284258385e-18
-0.00666666666667,-0.035,0.0,-0.0038197628069732807,-0.018531086963398082,-1.2947207284258385e-18
-0.005,-0.035,0.0,-0.0028758842130187333,-0.018571017544464923,0.0
-0.00333333333333,-0.035,0.0,-0.0019225717387274812,-0.01859969282983658,0.0
-0.00166666666667,-0.035,0.0,-0.0009628902485918035,-0.018616959815086313,0.0
4.33680868994e-19,-0.035,0.0,1.4744345987791696e-19,-0.018622725823228038,1.2947207284258385e-18
0.00166666666667,-0.035,0.0,0.0009628902485918036,-0.018616959815086313,0.0
0.00333333333333,-0.035,0.0,0.0019225717387274812,-0.01859969282983658,0.0
0.005,-0.035,0.0,0.0028758842130187333,-0.018571017544464923,0.0
0.00666666666667,-0.035,0.0,0.0038197628069732807,-0.018531086963398082,-1.2947207284258385e-18
0.00833333333333,-0.035,0.0,0.004751281814335065,-0.018480112271652978,-1.2947207284258385e-18
0.01,-0.035,0.0,0.005667693984585717,-0.01841835990576024,-1.2947207284258385e-18
0.0116666666667,-0.035,0.0,0.00656646425617779,-0.01834614791568162,0.0
0.0133333333333,-0.035,0.0,0.007445297122905847,-0.018263841707282923,0.0
0.015,-0.035,0.0,0.00830215715026764,-0.01817184926800627,-6.473603642129193e-19
0.0166666666667,-0.035,0.0,0.009135282480176992,-0.018070615987992287,0.0
0.0183333333333,-0.035,0.0,0.009943191464904494,-0.01796061919425952,-1.2947207284258385e-18
0.02,-0.035,0.0,0.010724682836169223,-0.017842362517192702,0.0
0.0216666666667,-0.035,0.0,0.011478830029934701,-0.017716370206205156,0.0
0.0233333333333,-0.035,0.0,0.012204970445657364,-0.017583181505185983,0.0
0.025,-0.035,0.0,0.012902690517588307,-0.01744334518925326,0.0
0.0266666666667,-0.035,0.0,0.013571807517170242,-0.01729741435253681,-6.473603642129193e-19
0.0283333333333,-0.035,0.0,0.014212348998484933,-0.017145941522736546,0.0
0.03,-0.035,0.0,0.014824530750609523,-0.016989474163508034,0.0
0.0316666666667,-0.035,0.0,0.015408734039430001,-0.01682855061037768,0.0
0.0333333333333,-0.035,0.0,0.01596548282159978,-0.016663696470493455,1.2947207284258385e-18
0.035,-0.035,0.0,0.016495421502393227,-0.01649542150239323,0.0
0.0366666666667,-0.035,0.0,0.016999293691548442,-0.016324216978892664,0.0
0.0383333333333,-0.035,0.0,0.017477922300471422,-0.016150553524412577,2.589441456851677e-18
0.04,-0.035,0.0,0.017932191222277537,-0.015974879408631005,0.0
0.0416666666667,-0.035,0.0,0.009076674756562023,-0.015797619270560236,1.2947207284258385e-18
-0.0416666666667,-0.0333333333333,0.0,-0.009158374667288402,-0.015268489054774735,0.0
-0.04,-0.0333333333333,0.0,-0.018096564804402995,-0.015445248271857372,0.0
-0.0383333333333,-0.0333333333333,0.0,-0.01764404422671747,-0.015620622438495133,-1.6184009105322981e-19
-0.0366666666667,-0.0333333333333,0.0,-0.017166736165074466,-0.015794184771083804,1.2947207284258385e-18
-0.035,-0.0333333333333,0.0,-0.01666369647049333,-0.01596548282159978,1.2947207284258385e-18
-0.0333333333333,-0.0333333333333,0.0,-0.016134039611594275,-0.016134039611594275,-1.2947207284258385e-18
-0.0316666666667,-0.0333333333333,0.0,-0.015576957856429303,-0.016299355224880463,0.0
-0.03,-0.0333333333333,0.0,-0.01499174225414692,-0.01646090889275085,0.0
-0.0283333333333,-0.0333333333333,0.0,-0.014377805181675708,-0.016618161597858915,0.0
-0.0266666666667,-0.0333333333333,0.0,-0.013734704108907753,-0.016770559213190626,-1.2947207284258385e-18
-0.025,-0.0333333333333,0.0,-0.01306216611274937,-0.016917536180044986,0.0
-0.0233333333333,-0.0333333333333,0.0,-0.012360112537933366,-0.017058519714658982,1.2947207284258385e-18
-0.0216666666667,-0.0333333333333,0.0,-0.011628683075112368,-0.01719293451727439,1.2947207284258385e-18
-0.02,-0.0333333333333,0.0,-0.010868258409566619,-0.01732020793981593,0.0
-0.0183333333333,-0.0333333333333,0.0,-0.010079480495545842,-0.017439775550321657,3.2368018210645963e-19
-0.0166666666667,-0.0333333333333,0.0,-0.009263269448233594,-0.017551087014511996,6.473603642129193e-19
-0.015,-0.0333333333333,0.0,-0.00842083602706868,-0.01765361219762309,0.0
-0.0133333333333,-0.0333333333333,0.0,-0.007553688719998708,-0.01774684737447824,1.2947207284258385e-18
-0.0116666666667,-0.0333333333333,0.0,-0.006663634538882694,-0.017830321423484043,0.0
-0.01,-0.0333333333333,0.0,-0.005752772804834726,-0.01790360187115691,1.2947207284258385e-18
-0.00833333333333,-0.0333333333333,0.0,-0.0048234814364496335,-0.01796630064917087,-3.2368018210645963e-19
-0.00666666666667,-0.0333333333333,0.0,-0.003878395547338521,-0.018018079426138416,0.0
-0.005,-0.0333333333333,0.0,-0.0029203784978634392,-0.018058654381237816,0.0
-0.00333333333333,-0.0333333333333,0.0,-0.0019524859085577398,-0.018087800297023733,-6.473603642129193e-19
-0.00166666666667,-0.0333333333333,0.0,-0.0009779235051501078,-0.018105353863562355,0.0
4.33680868994e-19,-0.0333333333333,0.0,-3.554087504180344e-19,-0.018111216105153132,6.473603642129193e-19
0.00166666666667,-0.0333333333333,0.0,0.0009779235051501074,-0.018105353863562355,-6.473603642129193e-19
0.00333333333333,-0.0333333333333,0.0,0.0019524859085577407,-0.018087800297023733,-6.473603642129193e-19
0.005,-0.0333333333333,0.0,0.00292037849786344,-0.018058654381237816,0.0
0.00666666666667,-0.0333333333333,0.0,0.003878395547338521,-0.018018079426138416,0.0
0.00833333333333,-0.0333333333333,0.0,0.0048234814364496335,-0.01796630064917087,-3.2368018210645963e-19
0.01,-0.0333333333333,0.0,0.005752772804834726,-0.01790360187115691,1.2947207284258385e-18
0.0116666666667,-0.0333333333333,0.0,0.006663634538882694,-0.017830321423484043,0.0
0.0133333333333,-0.0333333333333,0.0,0.007553688719998708,-0.01774684737447824,1.2947207284258385e-18
0.015,-0.0333333333333,0.0,0.00842083602706868,-0.01765361219762309,0.0
0.0166666666667,-0.0333333333333,0.0,0.009263269448233594,-0.017551087014511996,6.473603642129193e-19
0.0183333333333,-0.0333333333333,0.0,0.010079480495545842,-0.017439775550321657,3.2368018210645963e-19
0.02,-0.0333333333333,0.0,0.010868258409566619,-0.01732020793981593,0.0
0.0216666666667,-0.0333333333333,0.0,0.011628683075112368,-0.01719293451727439,1.2947207284258385e-18
0.0233333333333,-0.0333333333333,0.0,0.012360112537933366,-0.017058519714658982,1.2947207284258385e-18
0.025,-0.0333333333333,0.0,0.01306216611274937,-0.016917536180044986,0.0
0.0266666666667,-0.0333333333333,0.0,0.013734704108907753,-0.016770559213190626,-1.2947207284258385e-18
0.0283333333333,-0.0333333333333,0.0,0.014377805181675708,-0.016618161597858915,0.0
0.03,-0.0333333333333,0.0,0.01499174225414692,-0.016460908892750845,0.0
0.0316666666667,-0.0333333333333,0.0,0.015576957856429307,-0.016299355224880463,0.0
0.0333333333333,-0.0333333333333,0.0,0.016134039611594278,-0.01613403961159428,0.0
0.035,-0.0333333333333,0.0,0.016663696470493334,-0.01596548282159978,1.2947207284258385e-18
0.0366666666667,-0.0333333333333,0.0,0.017166736165074466,-0.015794184771083804,1.2947207284258385e-18
0.0383333333333,-0.0333333333333,0.0,0.01764404422671747,-0.015620622438495133,-1.6184009105322981e-19
0.04,-0.0333333333333,0.0,0.018096564804402995,-0.015445248271857372,0.0
0.0416666666667,-0.0333333333333,0.0,0.009158374667288399,-0.015268489054774735,0.0
-0.0416666666667,-0.0316666666667,0.0,-0.009238108386898395,-0.014715090133442355,0.0
-0.04,-0.0316666666667,0.0,-0.018257068812242972,-0.014890705461880285,0.0
-0.0383333333333,-0.0316666666667,0.0,-0.017806430326987092,-0.015065140259662334,1.2947207284258385e-18
-0.0366666666667,-0.0316666666667,0.0,-0.017330592601439456,-0.015237967873003003,0.0
-0.035,-0.0316666666667,0.0,-0.016828550610377684,-0.01540873403943,0.0
-0.0333333333333,-0.0316666666667,0.0,-0.016299355224880466,-0.015576957856429303,0.0
-0.0316666666667,-0.0316666666667,0.0,-0.01574213323378702,-0.01574213323378702,0.0
-0.03,-0.0316666666667,0.0,-0.015156109394148753,-0.01590373087193531,0.0
-0.0283333333333,-0.0316666666667,0.0,-0.014540630285944276,-0.016061200801208878,1.2947207284258385e-18
-0.0266666666667,-0.0316666666667,0.0,-0.01389518962461363,-0.016213975507128036,0.0
-0.025,-0.0316666666667,0.0,-0.013219454548931238,-0.016361473653784164,0.0
-0.0233333333333,-0.0316666666667,0.0,-0.012513292253511913,-0.016503104402048094,1.2947207284258385e-18
-0.0216666666667,-0.0316666666667,0.0,-0.011776796190071465,-0.016638272301835566,0.0
-0.02,-0.0316666666667,0.0,-0.011010310925301693,-0.016766382717796856,-3.2368018210645963e-19
-0.0183333333333,-0.0316666666667,0.0,-0.01021445462582136,-0.016886847726972902,-1.2947207284258385e-18
-0.0166666666667,-0.0316666666667,0.0,-0.009390138060462619,-0.016999092405936285,0.0
-0.015,-0.0316666666667,0.0,-0.008538578978515333,-0.01710256140406155,0.0
-0.0133333333333,-0.0316666666667,0.0,-0.007661310750912119,-0.01719672568065496,6.473603642129193e-19
-0.0116666666667,-0.0316666666667,0.0,-0.00676018426248468,-0.017281089267719724,0.0
-0.01,-0.0316666666667,0.0,-0.00583736222196661,-0.017355195907712673,0.0
-0.00833333333333,-0.0316666666667,0.0,-0.0048953053108137965,-0.017418635408322242,0.0
-0.00666666666667,-0.0316666666667,0.0,-0.003936749915750488,-0.01747104955467435,0.0
-0.005,-0.0316666666667,0.0,-0.0029646775674576635,-0.017512137423507802,0.0
-0.00333333333333,-0.0316666666667,0.0,-0.0019822766155499633,-0.01754165995454661,0.0
-0.00166666666667,-0.0316666666667,0.0,-0.0009928970800262083,-0.017559443650847367,0.0
4.33680868994e-19,-0.0316666666667,0.0,1.3685776728099274e-19,-0.01756538330200431,0.0
0.00166666666667,-0.0316666666667,0.0,0.0009928970800262083,-0.017559443650847367,0.0
0.00333333333333,-0.0316666666667,0.0,0.0019822766155499633,-0.01754165995454661,0.0
0.005,-0.0316666666667,0.0,0.002964677567457663,-0.017512137423507802,0.0
0.00666666666667,-0.0316666666667,0.0,0.003936749915750488,-0.017471049554674354,0.0
0.00833333333333,-0.0316666666667,0.0,0.004895305310813798,-0.017418635408322242,0.0
0.01,-0.0316666666667,0.0,0.00583736222196661,-0.017355195907712673,0.0
0.0116666666667,-0.0316666666667,0.0,0.00676018426248468,-0.017281089267719724,0.0
0.0133333333333,-0.0316666666667,0.0,0.007661310750912119,-0.01719672568065496,6.473603642129193e-19
0.015,-0.0316666666667,0.0,0.008538578978515331,-0.017102561404061547,1.2947207284258385e-18
0.0166666666667,-0.0316666666667,0.0,0.009390138060462617,-0.016999092405936285,0.0
0.0183333333333,-0.0316666666667,0.0,0.01021445462582136,-0.016886847726972902,-1.2947207284258385e-18
0.02,-0.0316666666667,0.0,0.011010310925301695,-0.016766382717796856,-3.2368018210645963e-19
0.0216666666667,-0.0316666666667,0.0,0.011776796190071465,-0.016638272301835566,0.0
0.0233333333333,-0.0316666666667,0.0,0.01251329225351191,-0.016503104402048094,1.2947207284258385e-18
0.025,-0.0316666666667,0.0,0.01321945454893124,-0.016361473653784164,0.0
0.0266666666667,-0.0316666666667,0.0,0.01389518962461363,-0.016213975507128036,0.0
0.0283333333333,-0.0316666666667,0.0,0.014540630285944276,-0.016061200801208878,1.2947207284258385e-18
0.03,-0.0316666666667,0.0,0.015156109394148748,-0.01590373087193531,1.2947207284258385e-18
0.0316666666667,-0.0316666666667,0.0,0.01574213323378702,-0.01574213323378702,0.0
0.0333333333333,-0.0316666666667,0.0,0.016299355224880463,-0.015576957856429307,0.0
0.035,-0.0316666666667,0.0,0.016828550610377684,-0.01540873403943,0.0
0.0366666666667,-0.0316666666667,0.0,0.017330592601439456,-0.015237967873003003,0.0
0.0383333333333,-0.0316666666667,0.0,0.017806430326987092,-0.015065140259662336,0.0
0.04,-0.0316666666667,0.0,0.018257068812242972,-0.014890705461880285,0.0
0.0416666666667,-0.0316666666667,0.0,0.009238108386898395,-0.014715090133442355,0.0
-0.0416666666667,-0.03,0.0,-0.009315647461369918,-0.014137013476124977,0.0
-0.04,-0.03,0.0,-0.01841323785403922,-0.01431078693656761,0.0
-0.0383333333333,-0.03,0.0,-0.01796459887583102,-0.014483585266329894,0.0
-0.0366666666667,-0.03,0.0,-0.017490366373667382,-0.014654984373775238,3.2368018210645963e-19
-0.035,-0.03,0.0,-0.016989474163508034,-0.014824530750609527,0.0
-0.0333333333333,-0.03,0.0,-0.016460908892750845,-0.01499174225414692,0.0
-0.0316666666667,-0.03,0.0,-0.01590373087193531,-0.015156109394148748,1.2947207284258385e-18
-0.03,-0.03,0.0,-0.015317097175368834,-0.01531709717536884,0.0
-0.0283333333333,-0.03,0.0,-0.014700286799632874,-0.015474147540065151,0.0
-0.0266666666667,-0.03,0.0,-0.014052727537131115,-0.01562668244509839,-1.2947207284258385e-18
-0.025,-0.03,0.0,-0.013374024072462342,-0.015774107594890733,0.0
-0.0233333333333,-0.03,0.0,-0.012663986644584683,-0.015915816835267993,0.0
-0.0216666666667,-0.03,0.0,-0.011922659453491555,-0.016051197194216976,0.0
-0.02,-0.03,0.0,-0.011150347833051421,-0.0161796345335274,0.0
-0.0183333333333,-0.03,0.0,-0.010347643073083952,-0.01630051975163385,0.0
-0.0166666666667,-0.03,0.0,-0.009515443674020732,-0.016413255453516115,0.0
-0.015,-0.03,0.0,-0.00865497177012904,-0.01651726297876972,-6.473603642129193e-19
-0.0133333333333,-0.03,0.0,-0.007767783476058886,-0.016611989655912682,1.2947207284258385e-18
-0.0116666666667,-0.03,0.0,-0.00685577201160291,-0.016696916130911416,-1.2947207284258385e-18
-0.01,-0.03,0.0,-0.0059211626474554736,-0.01677156360165816,1.2947207284258385e-18
-0.00833333333333,-0.03,0.0,-0.0049664987899099055,-0.016835500779584445,0.0
-0.00666666666667,-0.03,0.0,-0.003994618878435766,-0.016888350395677036,-1.2947207284258385e-18
-0.005,-0.03,0.0,-0.003008624189699657,-0.016929795071178543,-6.473603642129193e-19
-0.00333333333333,-0.03,0.0,-0.002011838098584481,-0.016959582384196703,1.6184009105322981e-19
-0.00166666666667,-0.03,0.0,-0.0010077578091831066,-0.016977528981718865,0.0
4.33680868994e-19,-0.03,0.0,1.095635554833277e-19,-0.01698352361177925,0.0
0.00166666666667,-0.03,0.0,0.0010077578091831066,-0.016977528981718865,0.0
0.00333333333333,-0.03,0.0,0.002011838098584481,-0.016959582384196703,1.6184009105322981e-19
0.005,-0.03,0.0,0.003008624189699657,-0.016929795071178543,-6.473603642129193e-19
0.00666666666667,-0.03,0.0,0.003994618878435768,-0.01688835039567704,-6.473603642129193e-19
0.00833333333333,-0.03,0.0,0.0049664987899099055,-0.016835500779584445,0.0
0.01,-0.03,0.0,0.005921162647455473,-0.01677156360165816,1.2947207284258385e-18
0.0116666666667,-0.03,0.0,0.00685577201160291,-0.01669691613091142,-1.2947207284258385e-18
0.0133333333333,-0.03,0.0,0.007767783476058885,-0.016611989655912682,1.2947207284258385e-18
0.015,-0.03,0.0,0.00865497177012904,-0.016517262978769716,-6.473603642129193e-19
0.0166666666667,-0.03,0.0,0.009515443674020732,-0.016413255453516115,0.0
0.0183333333333,-0.03,0.0,0.010347643073083952,-0.01630051975163385,0.0
0.02,-0.03,0.0,0.011150347833051421,-0.0161796345335274,0.0
0.0216666666667,-0.03,0.0,0.011922659453491555,-0.016051197194216976,0.0
0.0233333333333,-0.03,0.0,0.012663986644584683,-0.015915816835267993,0.0
0.025,-0.03,0.0,0.013374024072462343,-0.015774107594890736,0.0
0.0266666666667,-0.03,0.0,0.014052727537131115,-0.0156266824450984,-1.2947207284258385e-18
0.0283333333333,-0.03,0.0,0.014700286799632875,-0.015474147540065151,0.0
0.03,-0.03,0.0,0.015317097175368834,-0.01531709717536884,0.0
0.0316666666667,-0.03,0.0,0.01590373087193531,-0.015156109394148748,1.2947207284258385e-18
0.0333333333333,-0.03,0.0,0.016460908892750845,-0.01499174225414692,0.0
0.035,-0.03,0.0,0.016989474163508034,-0.014824530750609527,0.0
0.0366666666667,-0.03,0.0,0.017490366373667382,-0.014654984373775238,3.2368018210645963e-19
0.0383333333333,-0.03,0.0,0.01796459887583102,-0.014483585266329894,0.0
0.04,-0.03,0.0,0.01841323785403922,-0.01431078693656761,0.0
0.0416666666667,-0.03,0.0,0.009315647461369918,-0.014137013476124977,0.0
-0.0416666666667,-0.0283333333333,0.0,-0.009390759367254973,-0.013533963580350092,0.0
-0.04,-0.0283333333333,0.0,-0.018564597376653946,-0.013705144368179911,0.0
-0.0383333333333,-0.0283333333333,0.0,-0.018118056873276903,-0.013875553353346063,0.0
-0.0366666666667,-0.0283333333333,0.0,-0.01764554734232914,-0.01404477156620572,1.2947207284258385e-18
-0.035,-0.0283333333333,0.0,-0.017145941522736546,-0.014212348998484933,0.0
-0.0333333333333,-0.0283333333333,0.0,-0.016618161597858915,-0.014377805181675708,0.0
-0.0316666666667,-0.0283333333333,0.0,-0.016061200801208878,-0.014540630285944276,1.2947207284258385e-18
-0.03,-0.0283333333333,0.0,-0.015474147540065151,-0.014700286799632874,0.0
-0.0283333333333,-0.0283333333333,0.0,-0.01485621184333287,-0.01485621184333287,-1.2947207284258385e-18
-0.0266666666667,-0.0283333333333,0.0,-0.014206753798180986,-0.01500782016327147,1.2947207284258385e-18
-0.025,-0.0283333333333,0.0,-0.013525313476974662,-0.015154507835345244,8.092004552661491e-20
-0.0233333333333,-0.0283333333333,0.0,-0.012811641673926216,-0.015295656694242024,1.2947207284258385e-18
-0.0216666666667,-0.0283333333333,0.0,-0.012065730586393117,-0.015430639481776406,0.0
-0.02,-0.0283333333333,0.0,-0.011287843396230832,-0.015558825684453421,6.473603642129193e-19
-0.0183333333333,-0.0283333333333,0.0,-0.010478541544760397,-0.015679588003817593,-3.2368018210645963e-19
-0.0166666666667,-0.0283333333333,0.0,-0.009638708373285025,-0.015792309375191875,0.0
-0.015,-0.0283333333333,0.0,-0.008769567735514813,-0.015896390421608966,0.0
-0.0133333333333,-0.0283333333333,0.0,-0.007872696195180714,-0.015991257202253216,0.0
-0.0116666666667,-0.0283333333333,0.0,-0.006950027519497079,-0.01607636909012285,-6.473603642129193e-19
-0.01,-0.0283333333333,0.0,-0.006003848375501512,-0.01615122659306592,0.0
-0.00833333333333,-0.0283333333333,0.0,-0.005036784432515624,-0.01621537891808957,0.0
-0.00666666666667,-0.0283333333333,0.0,-0.004051776463766336,-0.016268431072151698,1.2947207284258385e-18
-0.005,-0.0283333333333,0.0,-0.003052046504915693,-0.016310050294163207,0.0
-0.00333333333333,-0.0283333333333,0.0,-0.0020410546376189312,-0.01633997162387161,-1.2947207284258385e-18
-0.00166666666667,-0.0283333333333,0.0,-0.0010224474858927539,-0.016358002433203817,-1.2947207284258385e-18
4.33680868994e-19,-0.0283333333333,0.0,-6.743357640961866e-19,-0.016364025774153666,0.0
0.00166666666667,-0.0283333333333,0.0,0.001022447485892754,-0.016358002433203817,-1.2947207284258385e-18
0.00333333333333,-0.0283333333333,0.0,0.002041054637618931,-0.01633997162387161,-1.2947207284258385e-18
0.005,-0.0283333333333,0.0,0.003052046504915693,-0.016310050294163207,1.2947207284258385e-18
0.00666666666667,-0.0283333333333,0.0,0.004051776463766338,-0.016268431072151698,1.2947207284258385e-18
0.00833333333333,-0.0283333333333,0.0,0.005036784432515624,-0.01621537891808957,0.0
0.01,-0.0283333333333,0.0,0.006003848375501512,-0.01615122659306592,0.0
0.0116666666667,-0.0283333333333,0.0,0.00695002751949708,-0.016076369090122857,-6.473603642129193e-19
0.0133333333333,-0.0283333333333,0.0,0.007872696195180714,-0.015991257202253216,0.0
0.015,-0.0283333333333,0.0,0.008769567735514813,-0.015896390421608966,0.0
0.0166666666667,-0.0283333333333,0.0,0.009638708373285024,-0.015792309375191875,0.0
0.0183333333333,-0.0283333333333,0.0,0.010478541544760397,-0.015679588003817593,-3.2368018210645963e-19
0.02,-0.0283333333333,0.0,0.011287843396230832,-0.015558825684453421,6.473603642129193e-19
0.0216666666667,-0.0283333333333,0.0,0.012065730586393117,-0.015430639481776406,0.0
0.0233333333333,-0.0283333333333,0.0,0.012811641673926216,-0.015295656694242024,1.2947207284258385e-18
0.025,-0.0283333333333,0.0,0.013525313476974658,-0.015154507835345244,0.0
0.0266666666667,-0.0283333333333,0.0,0.014206753798180989,-0.015007820163271476,-1.2947207284258385e-18
0.0283333333333,-0.0283333333333,0.0,0.014856211843332873,-0.014856211843332873,-1.2947207284258385e-18
0.03,-0.0283333333333,0.0,0.015474147540065148,-0.014700286799632874,0.0
0.0316666666667,-0.0283333333333,0.0,0.016061200801208875,-0.014540630285944276,1.2947207284258385e-18
0.0333333333333,-0.0283333333333,0.0,0.016618161597858915,-0.014377805181675708,0.0
0.035,-0.0283333333333,0.0,0.017145941522736546,-0.014212348998484933,0.0
0.0366666666667,-0.0283333333333,0.0,0.01764554734232914,-0.01404477156620572,1.2947207284258385e-18
0.0383333333333,-0.0283333333333,0.0,0.018118056873276903,-0.013875553353346063,0.0
0.04,-0.0283333333333,0.0,0.018564597376653946,-0.013705144368179911,0.0
0.0416666666667,-0.0283333333333,0.0,0.009390759367254975,-0.013533963580350092,0.0
-0.0416666666667,-0.0266666666667,0.0,-0.009463208935303662,-0.012905775037339423,0.0
-0.04,-0.0266666666667,0.0,-0.018710666566307765,-0.013073563051700033,-6.473603642129193e-19
-0.0383333333333,-0.0266666666667,0.0,-0.018266303042342998,-0.013240777338003468,0.0
-0.0366666666667,-0.0266666666667,0.0,-0.017795614927476906,-0.013407006699756242,0.0
-0.035,-0.0266666666667,0.0,-0.01729741435253681,-0.013571807517170242,-6.473603642129193e-19
-0.0333333333333,-0.0266666666667,0.0,-0.016770559213190626,-0.013734704108907753,-1.2947207284258385e-18
-0.0316666666667,-0.0266666666667,0.0,-0.016213975507128036,-0.01389518962461363,0.0
-0.03,-0.0266666666667,0.0,-0.01562668244509839,-0.014052727537131115,-1.2947207284258385e-18
-0.0283333333333,-0.0266666666667,0.0,-0.01500782016327147,-0.014206753798180986,1.2947207284258385e-18
-0.0266666666667,-0.0266666666667,0.0,-0.014356679712711387,-0.014356679712711387,-1.0115005690826863e-20
-0.025,-0.0266666666667,0.0,-0.013672734824995371,-0.014501895573940974,1.2947207284258385e-18
-0.0233333333333,-0.0266666666667,0.0,-0.012955674753091893,-0.014641775083863223,0.0
-0.0216666666667,-0.0266666666667,0.0,-0.012205437280863509,-0.014775680562600913,-3.2368018210645963e-19
-0.02,-0.0266666666667,0.0,-0.011422240791060993,-0.014902968924052103,-6.473603642129193e-19
-0.0183333333333,-0.0266666666667,0.0,-0.010606614094556908,-0.015022998366140305,-1.2947207284258385e-18
-0.0166666666667,-0.0266666666667,0.0,-0.009759422577680466,-0.015135135692580567,-1.2947207284258385e-18
-0.015,-0.0266666666667,0.0,-0.008881889138200831,-0.015238764150121223,0.0
-0.0133333333333,-0.0266666666667,0.0,-0.007975608373162928,-0.015333291633114322,-3.2368018210645963e-19
-0.0116666666667,-0.0266666666667,0.0,-0.007042552574458269,-0.015418159077808613,1.2947207284258385e-18
-0.01,-0.0266666666667,0.0,-0.006085068291757461,-0.015492848843506168,1.2947207284258385e-18
-0.00833333333333,-0.0266666666667,0.0,-0.005105862539734413,-0.015556892859303888,1.2947207284258385e-18
-0.00666666666667,-0.0266666666667,0.0,-0.00410797815150201,-0.015609880305231605,1.2947207284258385e-18
-0.005,-0.0266666666667,0.0,-0.0030947582927699246,-0.015651464596216642,0.0
-0.00333333333333,-0.0266666666667,0.0,-0.002069800718984632,-0.015681369447957717,-1.2947207284258385e-18
-0.00166666666667,-0.0266666666667,0.0,-0.0010369029394406083,-0.015699393825180954,-1.2947207284258385e-18
4.33680868994e-19,-0.0266666666667,0.0,1.4734376295921768e-19,-0.01570541560453458,-1.2947207284258385e-18
0.00166666666667,-0.0266666666667,0.0,0.0010369029394406083,-0.015699393825180954,-1.2947207284258385e-18
0.00333333333333,-0.0266666666667,0.0,0.002069800718984632,-0.015681369447957717,-1.2947207284258385e-18
0.005,-0.0266666666667,0.0,0.0030947582927699246,-0.015651464596216642,0.0
0.00666666666667,-0.0266666666667,0.0,0.00410797815150201,-0.015609880305231605,1.2947207284258385e-18
0.00833333333333,-0.0266666666667,0.0,0.005105862539734411,-0.015556892859303888,1.2947207284258385e-18
0.01,-0.0266666666667,0.0,0.006085068291757462,-0.01549284884350617,0.0
0.0116666666667,-0.0266666666667,0.0,0.007042552574458269,-0.015418159077808613,1.2947207284258385e-18
0.0133333333333,-0.0266666666667,0.0,0.007975608373162928,-0.015333291633114322,-3.2368018210645963e-19
0.015,-0.0266666666667,0.0,0.008881889138200831,-0.015238764150121223,0.0
0.0166666666667,-0.0266666666667,0.0,0.009759422577680466,-0.015135135692580562,-1.2947207284258385e-18
0.0183333333333,-0.0266666666667,0.0,0.010606614094556906,-0.015022998366140305,0.0
0.02,-0.0266666666667,0.0,0.011422240791060993,-0.014902968924052103,-6.473603642129193e-19
0.0216666666667,-0.0266666666667,0.0,0.012205437280863509,-0.014775680562600913,-3.2368018210645963e-19
0.0233333333333,-0.0266666666667,0.0,0.012955674753091893,-0.014641775083863223,0.0
0.025,-0.0266666666667,0.0,0.013672734824995371,-0.014501895573940974,1.2947207284258385e-18
0.0266666666667,-0.0266666666667,0.0,0.014356679712711387,-0.014356679712711387,-1.0115005690826863e-20
0.0283333333333,-0.0266666666667,0.0,0.015007820163271476,-0.014206753798180989,0.0
0.03,-0.0266666666667,0.0,0.01562668244509839,-0.014052727537131115,-1.2947207284258385e-18
0.0316666666667,-0.0266666666667,0.0,0.016213975507128036,-0.01389518962461363,0.0
0.0333333333333,-0.0266666666667,0.0,0.016770559213190626,-0.013734704108907753,-1.2947207284258385e-18
0.035,-0.0266666666667,0.0,0.01729741435253681,-0.013571807517170242,-6.473603642129193e-19
0.0366666666667,-0.0266666666667,0.0,0.017795614927476906,-0.013407006699756242,0.0
0.0383333333333,-0.0266666666667,0.0,0.018266303042342995,-0.013240777338003466,-1.2947207284258385e-18
0.04,-0.0266666666667,0.0,0.01871066656630776,-0.013073563051700033,-6.473603642129193e-19
0.0416666666667,-0.0266666666667,0.0,0.009463208935303662,-0.012905775037339423,0.0
-0.0416666666667,-0.025,0.0,-0.009532759918835986,-0.012252429031259655,-1.2947207284258385e-18
-0.04,-0.025,0.0,-0.01885096156407851,-0.012415979869278919,0.0
-0.0383333333333,-0.025,0.0,-0.018408831193557,-0.012579146464133953,0.0
-0.0366666666667,-0.025,0.0,-0.017940041602928888,-0.012741528093951345,0.0
-0.035,-0.025,0.0,-0.01744334518925326,-0.012902690517588302,0.0
-0.0333333333333,-0.025,0.0,-0.016917536180044986,-0.01306216611274937,0.0
-0.0316666666667,-0.025,0.0,-0.016361473653784164,-0.013219454548931238,0.0
-0.03,-0.025,0.0,-0.015774107594890733,-0.013374024072462342,0.0
-0.0283333333333,-0.025,0.0,-0.015154507835345244,-0.013525313476974662,8.092004552661491e-20
-0.0266666666667,-0.025,0.0,-0.014501895573940974,-0.013672734824995371,1.2947207284258385e-18
-0.025,-0.025,0.0,-0.01381567697367699,-0.01381567697367699,-1.2947207284258385e-18
-0.0233333333333,-0.025,0.0,-0.013095478119726698,-0.013953509940385153,-1.6184009105322981e-19
-0.0216666666667,-0.025,0.0,-0.012341180392592518,-0.014085590121737667,0.0
-0.02,-0.025,0.0,-0.011552955082239696,-0.014211266352197043,-1.2947207284258385e-18
-0.0183333333333,-0.025,0.0,-0.010731295854771965,-0.01432988675676741,1.2947207284258385e-18
-0.0166666666667,-0.025,0.0,-0.009877047510781181,-0.01444080631764435,0.0
-0.015,-0.025,0.0,-0.008991429364939178,-0.014543395037633132,-1.2947207284258385e-18
-0.0133333333333,-0.025,0.0,-0.008076051552312093,-0.014637046546345733,-1.2947207284258385e-18
-0.0116666666667,-0.025,0.0,-0.00713292265275825,-0.014721186960699838,1.2947207284258385e-18
-0.01,-0.025,0.0,-0.006164447234539954,-0.014795283781001676,0.0
-0.00833333333333,-0.025,0.0,-0.005173412256437784,-0.01485885458093555,6.473603642129193e-19
-0.00666666666667,-0.025,0.0,-0.004162961728936721,-0.01491147523625674,0.0
-0.005,-0.025,0.0,-0.0031365595980340348,-0.014952787434308772,-1.6184009105322981e-19
-0.00333333333333,-0.025,0.0,-0.0020979414441200236,-0.014982505216522782,-3.2368018210645963e-19
-0.00166666666667,-0.025,0.0,-0.0010510562368192975,-0.015000420328716787,0.0
4.33680868994e-19,-0.025,0.0,-3.6659518181658437e-19,-0.015006406188983428,0.0
0.00166666666667,-0.025,0.0,0.0010510562368192978,-0.015000420328716785,6.473603642129193e-19
0.00333333333333,-0.025,0.0,0.0020979414441200245,-0.014982505216522782,-3.2368018210645963e-19
0.005,-0.025,0.0,0.003136559598034035,-0.014952787434308772,-1.6184009105322981e-19
0.00666666666667,-0.025,0.0,0.004162961728936722,-0.01491147523625674,0.0
0.00833333333333,-0.025,0.0,0.005173412256437784,-0.01485885458093555,6.473603642129193e-19
0.01,-0.025,0.0,0.006164447234539954,-0.014795283781001674,0.0
0.0116666666667,-0.025,0.0,0.00713292265275825,-0.014721186960699838,1.2947207284258385e-18
0.0133333333333,-0.025,0.0,0.00807605155231209,-0.014637046546345733,-1.2947207284258385e-18
0.015,-0.025,0.0,0.008991429364939178,-0.01454339503763313,0.0
0.0166666666667,-0.025,0.0,0.009877047510781183,-0.01444080631764435,4.0460022763307453e-20
0.0183333333333,-0.025,0.0,0.010731295854771962,-0.01432988675676741,1.2947207284258385e-18
0.02,-0.025,0.0,0.011552955082239698,-0.014211266352197043,-1.2947207284258385e-18
0.0216666666667,-0.025,0.0,0.012341180392592518,-0.014085590121737667,0.0
0.0233333333333,-0.025,0.0,0.013095478119726698,-0.013953509940385153,-1.6184009105322981e-19
0.025,-0.025,0.0,0.013815676973676992,-0.013815676973676992,0.0
0.0266666666667,-0.025,0.0,0.014501895573940974,-0.013672734824995368,1.2947207284258385e-18
0.0283333333333,-0.025,0.0,0.015154507835345244,-0.013525313476974662,8.092004552661491e-20
0.03,-0.025,0.0,0.015774107594890733,-0.013374024072462342,0.0
0.0316666666667,-0.025,0.0,0.016361473653784164,-0.013219454548931238,0.0
0.0333333333333,-0.025,0.0,0.016917536180044986,-0.01306216611274937,6.473603642129193e-19
0.035,-0.025,0.0,0.01744334518925326,-0.012902690517588302,0.0
0.0366666666667,-0.025,0.0,0.01794004160292889,-0.012741528093951345,0.0
0.0383333333333,-0.025,0.0,0.018408831193557,-0.012579146464133953,-1.2947207284258385e-18
0.04,-0.025,0.0,0.01885096156407851,-0.012415979869278919,0.0
0.0416666666667,-0.025,0.0,0.009532759918835986,-0.012252429031259655,-1.2947207284258385e-18
-0.0416666666667,-0.0233333333333,0.0,-0.009599176693187867,-0.011574069329194478,0.0
-0.04,-0.0233333333333,0.0,-0.018984998969714038,-0.0117325008355494,0.0
-0.0383333333333,-0.0233333333333,0.0,-0.01854513393234491,-0.011890725596448578,6.473603642129193e-19
-0.0366666666667,-0.0233333333333,0.0,-0.018078296792154402,-0.012048356072058342,0.0
-0.035,-0.0233333333333,0.0,-0.017583181505185976,-0.012204970445657364,0.0
-0.0333333333333,-0.0233333333333,0.0,-0.01705851971465898,-0.012360112537933362,6.473603642129193e-19
-0.0316666666667,-0.0233333333333,0.0,-0.016503104402048094,-0.012513292253511908,1.2947207284258385e-18
-0.03,-0.0233333333333,0.0,-0.015915816835267993,-0.012663986644584683,0.0
-0.0283333333333,-0.0233333333333,0.0,-0.015295656694242018,-0.012811641673926214,1.2947207284258385e-18
-0.0266666666667,-0.0233333333333,0.0,-0.014641775083863218,-0.012955674753091893,0.0
-0.025,-0.0233333333333,0.0,-0.013953509940385153,-0.013095478119726698,-1.6184009105322981e-19
-0.0233333333333,-0.0233333333333,0.0,-0.013230423100907242,-0.013230423100907242,1.2947207284258385e-18
-0.0216666666667,-0.0233333333333,0.0,-0.012472338055142218,-0.013359865286929099,0.0
-0.02,-0.0233333333333,0.0,-0.011679377143425528,-0.013483150611296828,6.473603642129193e-19
-0.0183333333333,-0.0233333333333,0.0,-0.010851996721945154,-0.013599622299043955,-6.473603642129193e-19
-0.0166666666667,-0.0233333333333,0.0,-0.009991018615106938,-0.013708628607804165,0.0
-0.015,-0.0233333333333,0.0,-0.00909765603972019,-0.013809531245153328,0.0
-0.0133333333333,-0.0233333333333,0.0,-0.00817353214238036,-0.01390171430434468,0.0
-0.0116666666667,-0.0233333333333,0.0,-0.007220689368313681,-0.013984593521026698,0.0
-0.01,-0.0233333333333,0.0,-0.006241588094195557,-0.014057625618166902,-3.2368018210645963e-19
-0.00833333333333,-0.0233333333333,0.0,-0.005239093315929347,-0.014120317478674005,1.2947207284258385e-18
-0.00666666666667,-0.0233333333333,0.0,-0.004216448680691393,-0.014172234867743726,0.0
-0.005,-0.0233333333333,0.0,-0.0031772377680395407,-0.01421301042164273,0.0
-0.00333333333333,-0.0233333333333,0.0,-0.0021253332183287783,-0.014242350628729913,-1.2947207284258385e-18
-0.00166666666667,-0.0233333333333,0.0,-0.0010648350261290471,-0.014260041552150176,1.2947207284258385e-18
4.33680868994e-19,-0.0233333333333,0.0,1.3611354191187044e-19,-0.014265953081597674,-1.2947207284258385e-18
0.00166666666667,-0.0233333333333,0.0,0.0010648350261290471,-0.014260041552150176,1.2947207284258385e-18
0.00333333333333,-0.0233333333333,0.0,0.0021253332183287783,-0.014242350628729913,-1.2947207284258385e-18
0.005,-0.0233333333333,0.0,0.0031772377680395407,-0.01421301042164273,0.0
0.00666666666667,-0.0233333333333,0.0,0.004216448680691393,-0.014172234867743726,0.0
0.00833333333333,-0.0233333333333,0.0,0.005239093315929347,-0.014120317478674005,1.2947207284258385e-18
0.01,-0.0233333333333,0.0,0.006241588094195557,-0.014057625618166902,-3.2368018210645963e-19
0.0116666666667,-0.0233333333333,0.0,0.007220689368313681,-0.013984593521026698,0.0
0.0133333333333,-0.0233333333333,0.0,0.00817353214238036,-0.01390171430434468,0.0
0.015,-0.0233333333333,0.0,0.00909765603972019,-0.013809531245153328,0.0
0.0166666666667,-0.0233333333333,0.0,0.009991018615106938,-0.013708628607804165,0.0
0.0183333333333,-0.0233333333333,0.0,0.010851996721945154,-0.013599622299043955,-6.473603642129193e-19
0.02,-0.0233333333333,0.0,0.011679377143425528,-0.013483150611296828,6.473603642129193e-19
0.0216666666667,-0.0233333333333,0.0,0.012472338055142218,-0.013359865286929099,0.0
0.0233333333333,-0.0233333333333,0.0,0.013230423100907242,-0.013230423100907242,1.2947207284258385e-18
0.025,-0.0233333333333,0.0,0.013953509940385153,-0.013095478119726698,-1.6184009105322981e-19
0.0266666666667,-0.0233333333333,0.0,0.014641775083863218,-0.012955674753091893,1.2947207284258385e-18
0.0283333333333,-0.0233333333333,0.0,0.01529565669424202,-0.012811641673926216,1.2947207284258385e-18
0.03,-0.0233333333333,0.0,0.015915816835267993,-0.012663986644584683,0.0
0.0316666666667,-0.0233333333333,0.0,0.016503104402048094,-0.01251329225351191,1.2947207284258385e-18
0.0333333333333,-0.0233333333333,0.0,0.01705851971465898,-0.012360112537933367,6.473603642129193e-19
0.035,-0.0233333333333,0.0,0.017583181505185976,-0.012204970445657364,0.0
0.0366666666667,-0.0233333333333,0.0,0.018078296792154402,-0.012048356072058342,0.0
0.0383333333333,-0.0233333333333,0.0,0.01854513393234491,-0.011890725596448581,6.473603642129193e-19
0.04,-0.0233333333333,0.0,0.018984998969714038,-0.0117325008355494,0.0
0.0416666666667,-0.0233333333333,0.0,0.009599176693187866,-0.011574069329194478,0.0
-0.0416666666667,-0.0216666666667,0.0,-0.009662226068425853,-0.0108710172600196,-1.2947207284258385e-18
-0.04,-0.0216666666667,0.0,-0.019112299598251392,-0.011023417678597115,0.0
-0.0383333333333,-0.0216666666667,0.0,-0.018674706674458565,-0.011175773515045576,0.0
-0.0366666666667,-0.0216666666667,0.0,-0.01820985113261663,-0.011327713078986086,-1.2947207284258385e-18
-0.035,-0.0216666666667,0.0,-0.017716370206205156,-0.011478830029934701,0.0
-0.0333333333333,-0.0216666666667,0.0,-0.01719293451727439,-0.011628683075112368,1.2947207284258385e-18
-0.0316666666667,-0.0216666666667,0.0,-0.01663827230183556,-0.011776796190071465,-6.473603642129193e-19
-0.03,-0.0216666666667,0.0,-0.016051197194216972,-0.011922659453491555,0.0
-0.0283333333333,-0.0216666666667,0.0,-0.015430639481776406,-0.012065730586393115,0.0
-0.0266666666667,-0.0216666666667,0.0,-0.014775680562600913,-0.012205437280863509,0.0
-0.025,-0.0216666666667,0.0,-0.014085590121737667,-0.01234118039259252,0.0
-0.0233333333333,-0.0216666666667,0.0,-0.013359865286929099,-0.012472338055142218,0.0
-0.0216666666667,-0.0216666666667,0.0,-0.012598270751386224,-0.012598270751386153,-6.473603642129193e-19
-0.02,-0.0216666666667,0.0,-0.011800878568689685,-0.012718327348164114,0.0
-0.0183333333333,-0.0216666666667,0.0,-0.010968106051850729,-0.012831852064958335,1.2947207284258385e-18
-0.0166666666667,-0.0216666666667,0.0,-0.010100749977029786,-0.012938192307121765,0.0
-0.015,-0.0216666666667,0.0,-0.009200015129303234,-0.013036707249807739,-6.473603642129193e-19
-0.0133333333333,-0.0216666666667,0.0,-0.008267535162971037,-0.01312677701306277,1.6184009105322981e-19
-0.0116666666667,-0.0216666666667,0.0,-0.007305383814568037,-0.013207812224164764,0.0
-0.01,-0.0216666666667,0.0,-0.006316074723761637,-0.013279263722856883,0.0
-0.00833333333333,-0.0216666666667,0.0,-0.00530254849527997,-0.013340632132568702,1.2947207284258385e-18
-0.00666666666667,-0.0216666666667,0.0,-0.004268146170698914,-0.013391476999125837,0.0
-0.005,-0.0216666666667,0.0,-0.0032165689485608756,-0.013431425190238743,0.0
-0.00333333333333,-0.0216666666667,0.0,-0.002151824752138967,-0.013460178256860874,0.0
-0.00166666666667,-0.0216666666667,0.0,-0.001078163038410427,-0.013477518481776791,0.0
4.33680868994e-19,-0.0216666666667,0.0,1.7318738914091682e-19,-0.013483313381384183,0.0
0.00166666666667,-0.0216666666667,0.0,0.0010781630384104272,-0.013477518481776791,0.0
0.00333333333333,-0.0216666666667,0.0,0.002151824752138967,-0.013460178256860874,0.0
0.005,-0.0216666666667,0.0,0.0032165689485608756,-0.013431425190238743,0.0
0.00666666666667,-0.0216666666667,0.0,0.004268146170698913,-0.013391476999125837,0.0
0.00833333333333,-0.0216666666667,0.0,0.00530254849527997,-0.013340632132568702,1.2947207284258385e-18
0.01,-0.0216666666667,0.0,0.006316074723761637,-0.013279263722856883,0.0
0.0116666666667,-0.0216666666667,0.0,0.007305383814568037,-0.013207812224164764,0.0
0.0133333333333,-0.0216666666667,0.0,0.008267535162971037,-0.01312677701306277,1.6184009105322981e-19
0.015,-0.0216666666667,0.0,0.009200015129303232,-0.013036707249807739,-6.473603642129193e-19
0.0166666666667,-0.0216666666667,0.0,0.010100749977029788,-0.012938192307121765,0.0
0.0183333333333,-0.0216666666667,0.0,0.010968106051850729,-0.012831852064958335,1.2947207284258385e-18
0.02,-0.0216666666667,0.0,0.011800878568689685,-0.012718327348164114,0.0
0.0216666666667,-0.0216666666667,0.0,0.012598270751386224,-0.012598270751386153,-6.473603642129193e-19
0.0233333333333,-0.0216666666667,0.0,0.0133598652869291,-0.012472338055142218,0.0
0.025,-0.0216666666667,0.0,0.014085590121737667,-0.01234118039259252,0.0
0.0266666666667,-0.0216666666667,0.0,0.014775680562600913,-0.012205437280863509,0.0
0.0283333333333,-0.0216666666667,0.0,0.015430639481776406,-0.012065730586393115,0.0
0.03,-0.0216666666667,0.0,0.016051197194216972,-0.011922659453491555,0.0
0.0316666666667,-0.0216666666667,0.0,0.01663827230183556,-0.011776796190071465,0.0
0.0333333333333,-0.0216666666667,0.0,0.01719293451727439,-0.01162868307511237,1.2947207284258385e-18
0.035,-0.0216666666667,0.0,0.017716370206205156,-0.011478830029934701,0.0
0.0366666666667,-0.0216666666667,0.0,0.01820985113261663,-0.011327713078986086,-1.2947207284258385e-18
0.0383333333333,-0.0216666666667,0.0,0.01867470667445856,-0.011175773515045576,0.0
0.04,-0.0216666666667,0.0,0.019112299598251392,-0.011023417678597115,0.0
0.0416666666667,-0.0216666666667,0.0,0.009662226068425853,-0.0108710172600196,-1.2947207284258385e-18
-0.0416666666667,-0.02,0.0,-0.009721679193319134,-0.010143785132959727,0.0
-0.04,-0.02,0.0,-0.019232392444622746,-0.010289222853242385,0.0
-0.0383333333333,-0.02,0.0,-0.01879705192340731,-0.010434759649604232,1.2947207284258385e-18
-0.0366666666667,-0.02,0.0,-0.018334181062183992,-0.010580042263069312,0.0
-0.035,-0.02,0.0,-0.017842362517192702,-0.010724682836169223,0.0
-0.0333333333333,-0.02,0.0,-0.017320207939815924,-0.010868258409566619,0.0
-0.0316666666667,-0.02,0.0,-0.016766382717796856,-0.011010310925301695,-3.2368018210645963e-19
-0.03,-0.02,0.0,-0.0161796345335274,-0.011150347833051421,0.0
-0.0283333333333,-0.02,0.0,-0.015558825684453421,-0.011287843396230833,6.473603642129193e-19
-0.0266666666667,-0.02,0.0,-0.014902968924052103,-0.011422240791060993,-6.473603642129193e-19
-0.025,-0.02,0.0,-0.014211266352197039,-0.011552955082239696,-1.2947207284258385e-18
-0.0233333333333,-0.02,0.0,-0.013483150611296759,-0.011679377143425528,6.473603642129193e-19
-0.0216666666667,-0.02,0.0,-0.012718327348164119,-0.011800878568689686,6.473603642129193e-19
-0.02,-0.02,0.0,-0.01191681759146873,-0.011916817591468658,-1.2947207284258385e-18
-0.0183333333333,-0.02,0.0,-0.011078998390531421,-0.012026545991251176,1.2947207284258385e-18
-0.0166666666667,-0.02,0.0,-0.01020563979773857,-0.012129416925971026,0.0
-0.015,-0.02,0.0,-0.00929793608396249,-0.01222479358079427,0.0
-0.0133333333333,-0.02,0.0,-0.008357528987730267,-0.012312058474539964,-1.2947207284258385e-18
-0.0116666666667,-0.02,0.0,-0.007386520851180718,-0.012390623216168939,1.2947207284258385e-18
-0.01,-0.02,0.0,-0.00638747571383501,-0.012459938458608369,0.0
-0.00833333333333,-0.02,0.0,-0.005363406831543935,-0.012519503759938932,6.473603642129193e-19
-0.00666666666667,-0.02,0.0,-0.0043177496609018646,-0.012568877036274314,0.0
-0.005,-0.02,0.0,-0.003254320074238161,-0.012607683279398917,4.0460022763307453e-20
-0.00333333333333,-0.02,0.0,-0.002177258400701217,-0.012635622218452021,0.0
-0.00166666666667,-0.02,0.0,-0.001090960761049046,-0.01265247462945654,3.2368018210645963e-19
4.33680868994e-19,-0.02,0.0,1.6551713761334163e-19,-0.01265810703924338,0.0
0.00166666666667,-0.02,0.0,0.0010909607610490462,-0.01265247462945654,3.2368018210645963e-19
0.00333333333333,-0.02,0.0,0.0021772584007012166,-0.012635622218452021,0.0
0.005,-0.02,0.0,0.003254320074238161,-0.012607683279398917,4.0460022763307453e-20
0.00666666666667,-0.02,0.0,0.0043177496609018646,-0.012568877036274314,0.0
0.00833333333333,-0.02,0.0,0.005363406831543935,-0.012519503759938932,6.473603642129193e-19
0.01,-0.02,0.0,0.00638747571383501,-0.012459938458608369,0.0
0.0116666666667,-0.02,0.0,0.007386520851180718,-0.012390623216168939,1.2947207284258385e-18
0.0133333333333,-0.02,0.0,0.008357528987730267,-0.012312058474539964,-1.2947207284258385e-18
0.015,-0.02,0.0,0.00929793608396249,-0.01222479358079427,0.0
0.0166666666667,-0.02,0.0,0.01020563979773857,-0.012129416925971026,0.0
0.0183333333333,-0.02,0.0,0.011078998390531423,-0.012026545991251176,1.2947207284258385e-18
0.02,-0.02,0.0,0.01191681759146873,-0.011916817591468658,-1.2947207284258385e-18
0.0216666666667,-0.02,0.0,0.012718327348164119,-0.011800878568689686,6.473603642129193e-19
0.0233333333333,-0.02,0.0,0.013483150611296759,-0.011679377143425528,6.473603642129193e-19
0.025,-0.02,0.0,0.014211266352197039,-0.011552955082239696,-1.2947207284258385e-18
0.0266666666667,-0.02,0.0,0.014902968924052103,-0.011422240791060993,-6.473603642129193e-19
0.0283333333333,-0.02,0.0,0.015558825684453421,-0.011287843396230832,6.473603642129193e-19
0.03,-0.02,0.0,0.0161796345335274,-0.011150347833051421,0.0
0.0316666666667,-0.02,0.0,0.016766382717796856,-0.011010310925301695,-3.2368018210645963e-19
0.0333333333333,-0.02,0.0,0.017320207939815927,-0.010868258409566619,0.0
0.035,-0.02,0.0,0.017842362517192702,-0.010724682836169223,0.0
0.0366666666667,-0.02,0.0,0.018334181062183992,-0.010580042263069312,0.0
0.0383333333333,-0.02,0.0,0.01879705192340731,-0.010434759649604232,1.2947207284258385e-18
0.04,-0.02,0.0,0.019232392444622746,-0.010289222853242385,0.0
0.0416666666667,-0.02,0.0,0.009721679193319134,-0.010143785132959727,0.0
-0.0416666666667,-0.0183333333333,0.0,-0.009777313524856153,-0.009393087514413211,0.0
-0.04,-0.0183333333333,0.0,-0.01934481880302268,-0.009530622341392495,6.473603642129193e-19
-0.0383333333333,-0.0183333333333,0.0,-0.018911683753356553,-0.0096683785395752,0.0
-0.0366666666667,-0.0183333333333,0.0,-0.018450773668404363,-0.009806023735094479,0.0
-0.035,-0.0183333333333,0.0,-0.01796061919425952,-0.009943191464904494,-1.2947207284258385e-18
-0.0333333333333,-0.0183333333333,0.0,-0.017439775550321657,-0.010079480495545844,3.2368018210645963e-19
-0.0316666666667,-0.0183333333333,0.0,-0.016886847726972902,-0.01021445462582136,-1.2947207284258385e-18
-0.03,-0.0183333333333,0.0,-0.01630051975163385,-0.010347643073083952,0.0
-0.0283333333333,-0.0183333333333,0.0,-0.015679588003817597,-0.010478541544760397,-3.2368018210645963e-19
-0.0266666666667,-0.0183333333333,0.0,-0.015022998366140305,-0.010606614094556906,0.0
-0.025,-0.0183333333333,0.0,-0.01432988675676741,-0.010731295854771965,1.2947207284258385e-18
-0.0233333333333,-0.0183333333333,0.0,-0.013599622299043955,-0.010851996721945154,-3.2368018210645963e-19
-0.0216666666667,-0.0183333333333,0.0,-0.012831852064958332,-0.0109681060518508,1.2947207284258385e-18
-0.02,-0.0183333333333,0.0,-0.012026545991251176,-0.011078998390531421,1.2947207284258385e-18
-0.0183333333333,-0.0183333333333,0.0,-0.011184040231335951,-0.011184040231335955,0.0
-0.0166666666667,-0.0183333333333,0.0,-0.010305076909750775,-0.011282597744400137,-1.2947207284258385e-18
-0.015,-0.0183333333333,0.0,-0.009390838021703301,-0.011374045375589661,1.2947207284258385e-18
-0.0133333333333,-0.0183333333333,0.0,-0.008442971106033275,-0.011457775159464327,0.0
-0.0116666666667,-0.0183333333333,0.0,-0.007463604356879372,-0.01153320653830598,0.0
-0.01,-0.0183333333333,0.0,-0.006455349056457147,-0.011599796429924477,3.2368018210645963e-19
-0.00833333333333,-0.0183333333333,0.0,-0.005421287624699487,-0.011657049245481133,3.2368018210645963e-19
-0.00666666666667,-0.0183333333333,0.0,-0.004364946191072379,-0.01170452652898154,-6.473603642129193e-19
-0.005,-0.0183333333333,0.0,-0.003290251374196909,-0.011741855875789024,1.2947207284258385e-18
-0.00333333333333,-0.0183333333333,0.0,-0.0022014718561781227,-0.011768738791939357,-1.2947207284258385e-18
-0.00166666666667,-0.0183333333333,0.0,-0.0011031462906001097,-0.011784957180336564,0.0
4.33680868994e-19,-0.0183333333333,0.0,1.5948403022712209e-19,-0.01179037818418535,1.2947207284258385e-18
0.00166666666667,-0.0183333333333,0.0,0.0011031462906001097,-0.011784957180336564,0.0
0.00333333333333,-0.0183333333333,0.0,0.0022014718561781223,-0.011768738791939357,-1.2947207284258385e-18
0.005,-0.0183333333333,0.0,0.003290251374196909,-0.011741855875789024,1.2947207284258385e-18
0.00666666666667,-0.0183333333333,0.0,0.004364946191072379,-0.01170452652898154,-6.473603642129193e-19
0.00833333333333,-0.0183333333333,0.0,0.005421287624699487,-0.011657049245481133,3.2368018210645963e-19
0.01,-0.0183333333333,0.0,0.006455349056457147,-0.011599796429924477,3.2368018210645963e-19
0.0116666666667,-0.0183333333333,0.0,0.007463604356879371,-0.01153320653830598,0.0
0.0133333333333,-0.0183333333333,0.0,0.008442971106033276,-0.011457775159464327,0.0
0.015,-0.0183333333333,0.0,0.009390838021703306,-0.011374045375589666,-1.2947207284258385e-18
0.0166666666667,-0.0183333333333,0.0,0.010305076909750775,-0.011282597744400139,-6.473603642129193e-19
0.0183333333333,-0.0183333333333,0.0,0.011184040231335955,-0.011184040231335955,0.0
0.02,-0.0183333333333,0.0,0.012026545991251176,-0.011078998390531421,1.2947207284258385e-18
0.0216666666667,-0.0183333333333,0.0,0.012831852064958332,-0.010968106051850798,1.2947207284258385e-18
0.0233333333333,-0.0183333333333,0.0,0.013599622299043955,-0.010851996721945154,-3.2368018210645963e-19
0.025,-0.0183333333333,0.0,0.01432988675676741,-0.010731295854771965,1.2947207284258385e-18
0.0266666666667,-0.0183333333333,0.0,0.015022998366140305,-0.010606614094556906,0.0
0.0283333333333,-0.0183333333333,0.0,0.015679588003817597,-0.010478541544760397,-3.2368018210645963e-19
0.03,-0.0183333333333,0.0,0.01630051975163385,-0.010347643073083952,0.0
0.0316666666667,-0.0183333333333,0.0,0.016886847726972902,-0.01021445462582136,-1.2947207284258385e-18
0.0333333333333,-0.0183333333333,0.0,0.017439775550321657,-0.010079480495545844,3.2368018210645963e-19
0.035,-0.0183333333333,0.0,0.01796061919425952,-0.009943191464904497,-1.2947207284258385e-18
0.0366666666667,-0.0183333333333,0.0,0.018450773668404363,-0.009806023735094479,0.0
0.0383333333333,-0.0183333333333,0.0,0.01891168375335655,-0.009668378539575202,0.0
0.04,-0.0183333333333,0.0,0.01934481880302268,-0.009530622341392495,6.473603642129193e-19
0.0416666666667,-0.0183333333333,0.0,0.009777313524856153,-0.009393087514413211,0.0
-0.0416666666667,-0.0166666666667,0.0,-0.009828914834486667,-0.008619849773771181,0.0
-0.04,-0.0166666666667,0.0,-0.019449136480597536,-0.008748545578891745,0.0
-0.0383333333333,-0.0166666666667,0.0,-0.019018132431548603,-0.008877561282259262,6.473603642129193e-19
-0.0366666666667,-0.0166666666667,0.0,-0.018559131729519243,-0.009006587682642387,1.2947207284258385e-18
-0.035,-0.0166666666667,0.0,-0.018070615987992287,-0.009135282480176992,0.0
-0.0333333333333,-0.0166666666667,0.0,-0.017551087014512,-0.00926326944823359,6.473603642129193e-19
-0.0316666666667,-0.0166666666667,0.0,-0.016999092405936285,-0.009390138060462617,0.0
-0.03,-0.0166666666667,0.0,-0.016413255453516115,-0.009515443674020732,0.0
-0.0283333333333,-0.0166666666667,0.0,-0.015792309375191875,-0.009638708373285024,0.0
-0.0266666666667,-0.0166666666667,0.0,-0.015135135692580562,-0.009759422577680466,-1.2947207284258385e-18
-0.025,-0.0166666666667,0.0,-0.01444080631764435,-0.009877047510781181,0.0
-0.0233333333333,-0.0166666666667,0.0,-0.013708628607804167,-0.009991018615106937,0.0
-0.0216666666667,-0.0166666666667,0.0,-0.012938192307121765,-0.010100749977029788,0.0
-0.02,-0.0166666666667,0.0,-0.012129416925971026,-0.01020563979773857,0.0
-0.0183333333333,-0.0166666666667,0.0,-0.011282597744400139,-0.010305076909750775,-6.473603642129193e-19
-0.0166666666667,-0.0166666666667,0.0,-0.010398448294505785,-0.010398448294505784,0.0
-0.015,-0.0166666666667,0.0,-0.009478136920743181,-0.010485147505953677,0.0
-0.0133333333333,-0.0166666666667,0.0,-0.00852331487589343,-0.010564583850584248,6.473603642129193e-19
-0.0116666666667,-0.0166666666667,0.0,-0.0075361334303422735,-0.010636192119074512,1.6184009105322981e-19
-0.01,-0.0166666666667,0.0,-0.006519247686822342,-0.010699442612144052,6.473603642129193e-19
-0.00833333333333,-0.0166666666667,0.0,-0.005475805221555231,-0.010753851158214436,0.0
-0.00666666666667,-0.0166666666667,0.0,-0.004409418317790082,-0.010798988787489448,-1.2947207284258385e-18
-0.005,-0.0166666666667,0.0,-0.003324119393094707,-0.010834490709936102,0.0
-0.00333333333333,-0.0166666666667,0.0,-0.0022243001941557945,-0.010860064247161452,0.0
-0.00166666666667,-0.0166666666667,0.0,-0.0011146363658201212,-0.010875495391810888,-1.2947207284258385e-18
4.33680868994e-19,-0.0166666666667,0.0,1.5955674437743235e-19,-0.01088065371313373,-1.2947207284258385e-18
0.00166666666667,-0.0166666666667,0.0,0.0011146363658201212,-0.010875495391810888,-1.2947207284258385e-18
0.00333333333333,-0.0166666666667,0.0,0.0022243001941557945,-0.010860064247161452,0.0
0.005,-0.0166666666667,0.0,0.003324119393094707,-0.010834490709936102,0.0
0.00666666666667,-0.0166666666667,0.0,0.004409418317790082,-0.010798988787489444,-1.2947207284258385e-18
0.00833333333333,-0.0166666666667,0.0,0.005475805221555231,-0.010753851158214436,0.0
0.01,-0.0166666666667,0.0,0.006519247686822342,-0.010699442612144052,0.0
0.0116666666667,-0.0166666666667,0.0,0.007536133430342275,-0.010636192119074508,1.6184009105322981e-19
0.0133333333333,-0.0166666666667,0.0,0.008523314875893431,-0.010564583850584248,0.0
0.015,-0.0166666666667,0.0,0.009478136920743185,-0.01048514750595368,0.0
0.0166666666667,-0.0166666666667,0.0,0.010398448294505789,-0.010398448294505789,0.0
0.0183333333333,-0.0166666666667,0.0,0.011282597744400139,-0.010305076909750776,-6.473603642129193e-19
0.02,-0.0166666666667,0.0,0.012129416925971026,-0.01020563979773857,0.0
0.0216666666667,-0.0166666666667,0.0,0.012938192307121767,-0.010100749977029788,0.0
0.0233333333333,-0.0166666666667,0.0,0.013708628607804165,-0.009991018615106937,0.0
0.025,-0.0166666666667,0.0,0.01444080631764435,-0.009877047510781181,0.0
0.0266666666667,-0.0166666666667,0.0,0.015135135692580567,-0.009759422577680466,-1.2947207284258385e-18
0.0283333333333,-0.0166666666667,0.0,0.015792309375191875,-0.009638708373285025,0.0
0.03,-0.0166666666667,0.0,0.016413255453516115,-0.009515443674020732,0.0
0.0316666666667,-0.0166666666667,0.0,0.016999092405936285,-0.009390138060462617,0.0
0.0333333333333,-0.0166666666667,0.0,0.017551087014511996,-0.00926326944823359,6.473603642129193e-19
0.035,-0.0166666666667,0.0,0.018070615987992287,-0.009135282480176993,-1.2947207284258385e-18
0.0366666666667,-0.0166666666667,0.0,0.018559131729519247,-0.009006587682642387,1.2947207284258385e-18
0.0383333333333,-0.0166666666667,0.0,0.019018132431548603,-0.008877561282259264,0.0
0.04,-0.0166666666667,0.0,0.019449136480597536,-0.008748545578891745,0.0
0.0416666666667,-0.0166666666667,0.0,0.009828914834486667,-0.008619849773771181,0.0
-0.0416666666667,-0.015,0.0,-0.009876279219678897,-0.007825213328465808,0.0
-0.04,-0.015,0.0,-0.019544924038788086,-0.007944151863462078,0.0
-0.0383333333333,-0.015,0.0,-0.019115949105843515,-0.00806348324008894,-4.0460022763307453e-20
-0.0366666666667,-0.015,0.0,-0.018658778865071446,-0.008182923519902829,0.0
-0.035,-0.015,0.0,-0.01817184926800627,-0.00830215715026764,-6.473603642129193e-19
-0.0333333333333,-0.015,0.0,-0.01765361219762309,-0.00842083602706868,0.0
-0.0316666666667,-0.015,0.0,-0.017102561404061547,-0.008538578978515331,1.2947207284258385e-18
-0.03,-0.015,0.0,-0.016517262978769723,-0.008654971770129041,-6.473603642129193e-19
-0.0283333333333,-0.015,0.0,-0.015896390421608963,-0.008769567735514813,0.0
-0.0266666666667,-0.015,0.0,-0.015238764150121223,-0.008881889138200831,0.0
-0.025,-0.015,0.0,-0.014543395037633126,-0.008991429364939177,0.0
-0.0233333333333,-0.015,0.0,-0.013809531245153323,-0.009097656039720188,0.0
-0.0216666666667,-0.015,0.0,-0.013036707249807739,-0.009200015129303232,-6.473603642129193e-19
-0.02,-0.015,0.0,-0.01222479358079427,-0.00929793608396249,0.0
-0.0183333333333,-0.015,0.0,-0.011374045375589661,-0.009390838021703306,-1.2947207284258385e-18
-0.0166666666667,-0.015,0.0,-0.010485147505953677,-0.009478136920743183,0.0
-0.015,-0.015,0.0,-0.009559253734327065,-0.009559253734327065,0.0
-0.0133333333333,-0.015,0.0,-0.008598017192212292,-0.00963362328667243,0.0
-0.0116666666667,-0.015,0.0,-0.007603609473763585,-0.009700703752063123,0.0
-0.01,-0.015,0.0,-0.006578725848096369,-0.009759986464452735,1.2947207284258385e-18
-0.00833333333333,-0.015,0.0,-0.005526574536317349,-0.009811005757452886,1.2947207284258385e-18
-0.00666666666667,-0.015,0.0,-0.004450848678210603,-0.009853348498983595,0.0
-0.005,-0.015,0.0,-0.0033556805025668265,-0.009886662965311092,0.0
-0.00333333333333,-0.015,0.0,-0.002245578257788444,-0.009910666699797116,-6.473603642129193e-19
-0.00166666666667,-0.015,0.0,-0.001125347572894611,-0.009925153024198757,-1.2947207284258385e-18
4.33680868994e-19,-0.015,0.0,1.6782735277044288e-19,-0.009929995915209551,0.0
0.00166666666667,-0.015,0.0,0.0011253475728946112,-0.009925153024198757,-1.2947207284258385e-18
0.00333333333333,-0.015,0.0,0.002245578257788444,-0.009910666699797116,-6.473603642129193e-19
0.005,-0.015,0.0,0.0033556805025668273,-0.009886662965311092,0.0
0.00666666666667,-0.015,0.0,0.004450848678210602,-0.009853348498983594,-1.2947207284258385e-18
0.00833333333333,-0.015,0.0,0.005526574536317348,-0.009811005757452886,1.2947207284258385e-18
0.01,-0.015,0.0,0.006578725848096368,-0.009759986464452735,1.2947207284258385e-18
0.0116666666667,-0.015,0.0,0.007603609473763584,-0.00970070375206312,0.0
0.0133333333333,-0.015,0.0,0.008598017192212287,-0.00963362328667243,0.0
0.015,-0.015,0.0,0.009559253734327063,-0.009559253734327063,0.0
0.0166666666667,-0.015,0.0,0.010485147505953678,-0.009478136920743185,0.0
0.0183333333333,-0.015,0.0,0.011374045375589663,-0.009390838021703304,1.2947207284258385e-18
0.02,-0.015,0.0,0.01222479358079427,-0.00929793608396249,0.0
0.0216666666667,-0.015,0.0,0.013036707249807739,-0.009200015129303235,-6.473603642129193e-19
0.0233333333333,-0.015,0.0,0.013809531245153323,-0.00909765603972019,0.0
0.025,-0.015,0.0,0.01454339503763313,-0.008991429364939177,0.0
0.0266666666667,-0.015,0.0,0.015238764150121223,-0.008881889138200831,0.0
0.0283333333333,-0.015,0.0,0.015896390421608963,-0.008769567735514815,0.0
0.03,-0.015,0.0,0.01651726297876972,-0.00865497177012904,-6.473603642129193e-19
0.0316666666667,-0.015,0.0,0.01710256140406155,-0.008538578978515333,0.0
0.0333333333333,-0.015,0.0,0.01765361219762309,-0.00842083602706868,0.0
0.035,-0.015,0.0,0.01817184926800627,-0.00830215715026764,-6.473603642129193e-19
0.0366666666667,-0.015,0.0,0.018658778865071446,-0.008182923519902827,0.0
0.0383333333333,-0.015,0.0,0.019115949105843515,-0.008063483240088942,-4.0460022763307453e-20
0.04,-0.015,0.0,0.019544924038788086,-0.007944151863462078,0.0
0.0416666666667,-0.015,0.0,0.009876279219678898,-0.007825213328465808,0.0
-0.0416666666667,-0.0133333333333,0.0,-0.009919215087698984,-0.007010537067832049,0.0
-0.04,-0.0133333333333,0.0,-0.019631784991362863,-0.00711883264741545,0.0
-0.0383333333333,-0.0133333333333,0.0,-0.01920471047659781,-0.007227567326262772,6.473603642129193e-19
-0.0366666666667,-0.0133333333333,0.0,-0.018749264705067405,-0.007336484298467897,0.0
-0.035,-0.0133333333333,0.0,-0.018263841707282923,-0.007445297122905847,0.0
-0.0333333333333,-0.0133333333333,0.0,-0.01774684737447824,-0.007553688719998708,1.2947207284258385e-18
-0.0316666666667,-0.0133333333333,0.0,-0.01719672568065496,-0.007661310750912119,6.473603642129193e-19
-0.03,-0.0133333333333,0.0,-0.01661198965591268,-0.007767783476058885,1.2947207284258385e-18
-0.0283333333333,-0.0133333333333,0.0,-0.01599125720225321,-0.007872696195180712,0.0
-0.0266666666667,-0.0133333333333,0.0,-0.015333291633114324,-0.007975608373162928,-3.2368018210645963e-19
-0.025,-0.0133333333333,0.0,-0.014637046546345732,-0.00807605155231209,-1.2947207284258385e-18
-0.0233333333333,-0.0133333333333,0.0,-0.01390171430434468,-0.008173532142380358,1.2947207284258385e-18
-0.0216666666667,-0.0133333333333,0.0,-0.01312677701306277,-0.008267535162971035,1.6184009105322981e-19
-0.02,-0.0133333333333,0.0,-0.012312058474539964,-0.008357528987730265,0.0
-0.0183333333333,-0.0133333333333,0.0,-0.011457775159464327,-0.008442971106033276,0.0
-0.0166666666667,-0.0133333333333,0.0,-0.010564583850584251,-0.00852331487589343,6.473603642129193e-19
-0.015,-0.0133333333333,0.0,-0.00963362328667243,-0.008598017192212292,-3.2368018210645963e-19
-0.0133333333333,-0.0133333333333,0.0,-0.00866654693978538,-0.008666546939785377,0.0
-0.0116666666667,-0.0133333333333,0.0,-0.007665544041142863,-0.008728394043678703,1.2947207284258385e-18
-0.01,-0.0133333333333,0.0,-0.006633346175690874,-0.008783078874319153,-1.2947207284258385e-18
-0.00833333333333,-0.0133333333333,0.0,-0.005573217219804274,-0.008830161715990095,1.2947207284258385e-18
-0.00666666666667,-0.0133333333333,0.0,-0.0044889251072512855,-0.008869251970250135,6.473603642129193e-19
-0.005,-0.0133333333333,0.0,-0.003384694849035447,-0.008900016744472529,-1.6184009105322981e-19
-0.00333333333333,-0.0133333333333,0.0,-0.0022651433434407574,-0.008922188474525224,0.0
-0.00166666666667,-0.0133333333333,0.0,-0.0011351977046812393,-0.008935571251581065,0.0
4.33680868994e-19,-0.0133333333333,0.0,1.6557978186203298e-19,-0.008940045566726621,-3.2368018210645963e-19
0.00166666666667,-0.0133333333333,0.0,0.0011351977046812393,-0.008935571251581065,0.0
0.00333333333333,-0.0133333333333,0.0,0.0022651433434407574,-0.008922188474525224,0.0
0.005,-0.0133333333333,0.0,0.003384694849035447,-0.008900016744472529,-1.6184009105322981e-19
0.00666666666667,-0.0133333333333,0.0,0.0044889251072512855,-0.008869251970250135,6.473603642129193e-19
0.00833333333333,-0.0133333333333,0.0,0.005573217219804275,-0.008830161715990093,1.2947207284258385e-18
0.01,-0.0133333333333,0.0,0.006633346175690874,-0.008783078874319153,-1.2947207284258385e-18
0.0116666666667,-0.0133333333333,0.0,0.007665544041142863,-0.008728394043678703,1.2947207284258385e-18
0.0133333333333,-0.0133333333333,0.0,0.00866654693978538,-0.008666546939785377,0.0
0.015,-0.0133333333333,0.0,0.00963362328667243,-0.008598017192212292,0.0
0.0166666666667,-0.0133333333333,0.0,0.010564583850584251,-0.008523314875893428,6.473603642129193e-19
0.0183333333333,-0.0133333333333,0.0,0.011457775159464327,-0.008442971106033276,0.0
0.02,-0.0133333333333,0.0,0.01231205847453996,-0.008357528987730265,0.0
0.0216666666667,-0.0133333333333,0.0,0.01312677701306277,-0.008267535162971035,1.6184009105322981e-19
0.0233333333333,-0.0133333333333,0.0,0.013901714304344682,-0.00817353214238036,0.0
0.025,-0.0133333333333,0.0,0.014637046546345733,-0.00807605155231209,-1.2947207284258385e-18
0.0266666666667,-0.0133333333333,0.0,0.015333291633114324,-0.007975608373162928,-3.2368018210645963e-19
0.0283333333333,-0.0133333333333,0.0,0.015991257202253216,-0.007872696195180712,0.0
0.03,-0.0133333333333,0.0,0.016611989655912682,-0.007767783476058888,0.0
0.0316666666667,-0.0133333333333,0.0,0.01719672568065496,-0.007661310750912119,6.473603642129193e-19
0.0333333333333,-0.0133333333333,0.0,0.017746847374478243,-0.007553688719998711,1.2947207284258385e-18
0.035,-0.0133333333333,0.0,0.018263841707282923,-0.007445297122905847,0.0
0.0366666666667,-0.0133333333333,0.0,0.018749264705067405,-0.007336484298467897,1.2947207284258385e-18
0.0383333333333,-0.0133333333333,0.0,0.01920471047659781,-0.007227567326262771,0.0
0.04,-0.0133333333333,0.0,0.019631784991362866,-0.00711883264741545,0.0
0.0416666666667,-0.0133333333333,0.0,0.009919215087698984,-0.007010537067832047,0.0
-0.0416666666667,-0.0116666666667,0.0,-0.009957545077822504,-0.006177394518690901,0.0
-0.04,-0.0116666666667,0.0,-0.01970935188594687,-0.006274209206887434,0.0
-0.0383333333333,-0.0116666666667,0.0,-0.01928402336800812,-0.0063714822802342815,0.0
-0.0366666666667,-0.0116666666667,0.0,-0.018830169980308484,-0.006468985700632861,0.0
-0.035,-0.0116666666667,0.0,-0.01834614791568162,-0.006566464256177788,0.0
-0.0333333333333,-0.0116666666667,0.0,-0.017830321423484043,-0.006663634538882694,0.0
-0.0316666666667,-0.0116666666667,0.0,-0.017281089267719724,-0.006760184262484679,0.0
-0.03,-0.0116666666667,0.0,-0.01669691613091142,-0.006855772011602907,-1.2947207284258385e-18
-0.0283333333333,-0.0116666666667,0.0,-0.016076369090122854,-0.00695002751949708,-6.473603642129193e-19
-0.0266666666667,-0.0116666666667,0.0,-0.015418159077808616,-0.007042552574458269,1.2947207284258385e-18
-0.025,-0.0116666666667,0.0,-0.014721186960699835,-0.007132922652758251,1.2947207284258385e-18
-0.0233333333333,-0.0116666666667,0.0,-0.013984593521026698,-0.007220689368313681,0.0
-0.0216666666667,-0.0116666666667,0.0,-0.013207812224164764,-0.007305383814568037,0.0
-0.02,-0.0116666666667,0.0,-0.012390623216168939,-0.007386520851180718,1.2947207284258385e-18
-0.0183333333333,-0.0116666666667,0.0,-0.01153320653830598,-0.007463604356879372,0.0
-0.0166666666667,-0.0116666666667,0.0,-0.010636192119074512,-0.0075361334303422735,1.6184009105322981e-19
-0.015,-0.0116666666667,0.0,-0.009700703752063123,-0.007603609473763586,0.0
-0.0133333333333,-0.0116666666667,0.0,-0.008728394043678705,-0.0076655440411428615,1.2947207284258385e-18
-0.0116666666667,-0.0116666666667,0.0,-0.007721467278168459,-0.007721467278168461,-1.2947207284258385e-18
-0.01,-0.0116666666667,0.0,-0.006682687345573726,-0.007770936726377333,-6.473603642129193e-19
-0.00833333333333,-0.0116666666667,0.0,-0.005615368342719707,-0.007813546216020506,0.0
-0.00666666666667,-0.0116666666667,0.0,-0.004523346197145798,-0.007848934534608557,0.0
-0.005,-0.0116666666667,0.0,-0.0034109306526085383,-0.007876793535877405,0.0
-0.00333333333333,-0.0116666666667,0.0,-0.0022828381300231634,-0.007896875351241643,1.2947207284258385e-18
-0.00166666666667,-0.0116666666667,0.0,-0.0011441072447819908,-0.007908998384841675,1.2947207284258385e-18
4.33680868994e-19,-0.0116666666667,0.0,1.849878782644399e-18,-0.007913051814729904,0.0
0.00166666666667,-0.0116666666667,0.0,0.001144107244781991,-0.007908998384841678,0.0
0.00333333333333,-0.0116666666667,0.0,0.002282838130023162,-0.007896875351241643,1.2947207284258385e-18
0.005,-0.0116666666667,0.0,0.0034109306526085383,-0.007876793535877405,0.0
0.00666666666667,-0.0116666666667,0.0,0.004523346197145798,-0.007848934534608557,0.0
0.00833333333333,-0.0116666666667,0.0,0.005615368342719705,-0.007813546216020506,1.6184009105322981e-19
0.01,-0.0116666666667,0.0,0.006682687345573726,-0.007770936726377333,-6.473603642129193e-19
0.0116666666667,-0.0116666666667,0.0,0.007721467278168458,-0.007721467278168459,-2.589441456851677e-18
0.0133333333333,-0.0116666666667,0.0,0.008728394043678703,-0.0076655440411428615,1.2947207284258385e-18
0.015,-0.0116666666667,0.0,0.009700703752063123,-0.007603609473763585,0.0
0.0166666666667,-0.0116666666667,0.0,0.010636192119074512,-0.007536133430342275,0.0
0.0183333333333,-0.0116666666667,0.0,0.01153320653830598,-0.007463604356879372,0.0
0.02,-0.0116666666667,0.0,0.012390623216168935,-0.007386520851180718,1.2947207284258385e-18
0.0216666666667,-0.0116666666667,0.0,0.013207812224164764,-0.007305383814568037,0.0
0.0233333333333,-0.0116666666667,0.0,0.013984593521026698,-0.007220689368313681,0.0
0.025,-0.0116666666667,0.0,0.014721186960699838,-0.007132922652758251,1.2947207284258385e-18
0.0266666666667,-0.0116666666667,0.0,0.015418159077808613,-0.007042552574458269,1.2947207284258385e-18
0.0283333333333,-0.0116666666667,0.0,0.01607636909012285,-0.00695002751949708,-6.473603642129193e-19
0.03,-0.0116666666667,0.0,0.016696916130911416,-0.00685577201160291,-1.2947207284258385e-18
0.0316666666667,-0.0116666666667,0.0,0.017281089267719724,-0.006760184262484679,0.0
0.0333333333333,-0.0116666666667,0.0,0.017830321423484046,-0.006663634538882697,1.2947207284258385e-18
0.035,-0.0116666666667,0.0,0.018346147915681628,-0.006566464256177788,0.0
0.0366666666667,-0.0116666666667,0.0,0.018830169980308488,-0.006468985700632862,1.2947207284258385e-18
0.0383333333333,-0.0116666666667,0.0,0.01928402336800812,-0.0063714822802342815,0.0
0.04,-0.0116666666667,0.0,0.01970935188594687,-0.006274209206887434,0.0
0.0416666666667,-0.0116666666667,0.0,0.009957545077822504,-0.006177394518690899,0.0
-0.0416666666667,-0.01,0.0,-0.009991107888250956,-0.005327566432127931,0.0
-0.04,-0.01,0.0,-0.019777290195328357,-0.005412125306015817,-8.092004552661491e-20
-0.0383333333333,-0.01,0.0,-0.019353529112033044,-0.005497135481638412,0.0
-0.0366666666667,-0.01,0.0,-0.018901111432580175,-0.005582399084373045,0.0
-0.035,-0.01,0.0,-0.01841835990576024,-0.005667693984585717,-1.2947207284258385e-18
-0.0333333333333,-0.01,0.0,-0.01790360187115691,-0.005752772804834726,6.473603642129193e-19
-0.0316666666667,-0.01,0.0,-0.017355195907712673,-0.00583736222196661,0.0
-0.03,-0.01,0.0,-0.016771563601658164,-0.005921162647455549,0.0
-0.0283333333333,-0.01,0.0,-0.01615122659306592,-0.006003848375501512,0.0
-0.0266666666667,-0.01,0.0,-0.015492848843506168,-0.006085068291757461,1.2947207284258385e-18
-0.025,-0.01,0.0,-0.014795283781001674,-0.006164447234539953,-1.2947207284258385e-18
-0.0233333333333,-0.01,0.0,-0.0140576256181669,-0.006241588094195557,-3.2368018210645963e-19
-0.0216666666667,-0.01,0.0,-0.013279263722856885,-0.006316074723761637,0.0
-0.02,-0.01,0.0,-0.012459938458608369,-0.00638747571383501,0.0
-0.0183333333333,-0.01,0.0,-0.011599796429924477,-0.006455349056457147,3.2368018210645963e-19
-0.0166666666667,-0.01,0.0,-0.010699442612144052,-0.006519247686822342,0.0
-0.015,-0.01,0.0,-0.009759986464452737,-0.006578725848096369,1.2947207284258385e-18
-0.0133333333333,-0.01,0.0,-0.008783078874319155,-0.006633346175690874,-1.2947207284258385e-18
-0.0116666666667,-0.01,0.0,-0.007770936726377334,-0.006682687345573728,0.0
-0.01,-0.01,0.0,-0.006726352079921393,-0.006726352079921393,0.0
-0.00833333333333,-0.01,0.0,-0.005652683411940273,-0.006763975257329991,6.473603642129193e-19
-0.00666666666667,-0.01,0.0,-0.004553827148524712,-0.006795231838533378,0.0
-0.005,-0.01,0.0,-0.0034341687403078086,-0.006819844296456797,-1.2947207284258385e-18
-0.00333333333333,-0.01,0.0,-0.0022985137724084725,-0.00683758923567626,1.2947207284258385e-18
-0.00166666666667,-0.01,0.0,-0.0011520009360958038,-0.0068483029031417625,0.0
4.33680868994e-19,-0.01,0.0,1.368373163791226e-19,-0.006851885330117527,0.0
0.00166666666667,-0.01,0.0,0.001152000936095804,-0.006848302903141765,0.0
0.00333333333333,-0.01,0.0,0.0022985137724084725,-0.00683758923567626,1.2947207284258385e-18
0.005,-0.01,0.0,0.0034341687403078086,-0.006819844296456797,-1.2947207284258385e-18
0.00666666666667,-0.01,0.0,0.004553827148524713,-0.006795231838533378,0.0
0.00833333333333,-0.01,0.0,0.005652683411940273,-0.006763975257329991,6.473603642129193e-19
0.01,-0.01,0.0,0.006726352079921393,-0.006726352079921393,0.0
0.0116666666667,-0.01,0.0,0.0077709367263773315,-0.006682687345573728,0.0
0.0133333333333,-0.01,0.0,0.008783078874319155,-0.006633346175690874,-1.2947207284258385e-18
0.015,-0.01,0.0,0.009759986464452735,-0.006578725848096369,1.2947207284258385e-18
0.0166666666667,-0.01,0.0,0.010699442612144052,-0.0065192476868223435,0.0
0.0183333333333,-0.01,0.0,0.011599796429924475,-0.006455349056457147,3.2368018210645963e-19
0.02,-0.01,0.0,0.012459938458608369,-0.00638747571383501,0.0
0.0216666666667,-0.01,0.0,0.013279263722856885,-0.006316074723761637,0.0
0.0233333333333,-0.01,0.0,0.014057625618166902,-0.006241588094195557,-3.2368018210645963e-19
0.025,-0.01,0.0,0.014795283781001674,-0.006164447234539954,0.0
0.0266666666667,-0.01,0.0,0.015492848843506168,-0.006085068291757462,1.2947207284258385e-18
0.0283333333333,-0.01,0.0,0.01615122659306592,-0.006003848375501512,0.0
0.03,-0.01,0.0,0.01677156360165816,-0.005921162647455549,1.2947207284258385e-18
0.0316666666667,-0.01,0.0,0.017355195907712673,-0.00583736222196661,0.0
0.0333333333333,-0.01,0.0,0.01790360187115691,-0.0057527728048347255,1.2947207284258385e-18
0.035,-0.01,0.0,0.01841835990576024,-0.005667693984585717,-1.2947207284258385e-18
0.0366666666667,-0.01,0.0,0.018901111432580175,-0.005582399084373045,0.0
0.0383333333333,-0.01,0.0,0.019353529112033044,-0.005497135481638413,0.0
0.04,-0.01,0.0,0.019777290195328357,-0.005412125306015817,-8.092004552661491e-20
0.0416666666667,-0.01,0.0,0.009991107888250956,-0.005327566432127931,0.0
-0.0416666666667,-0.00833333333333,0.0,-0.010019759975102587,-0.0044630286170238235,-1.2947207284258385e-18
-0.04,-0.00833333333333,0.0,-0.01983530194659364,-0.004534634636103559,-3.2368018210645963e-19
-0.0383333333333,-0.00833333333333,0.0,-0.019412907658761552,-0.0046066600294932866,-1.2947207284258385e-18
-0.0366666666667,-0.00833333333333,0.0,-0.01896174644278692,-0.004678938245113519,-1.6184009105322981e-19
-0.035,-0.00833333333333,0.0,-0.018480112271652978,-0.004751281814335065,-1.2947207284258385e-18
-0.0333333333333,-0.00833333333333,0.0,-0.01796630064917087,-0.0048234814364496335,-3.2368018210645963e-19
-0.0316666666667,-0.00833333333333,0.0,-0.017418635408322305,-0.004895305310813798,0.0
-0.03,-0.00833333333333,0.0,-0.01683550077958445,-0.0049664987899099055,1.2947207284258385e-18
-0.0283333333333,-0.00833333333333,0.0,-0.016215378918089506,-0.005036784432515624,0.0
-0.0266666666667,-0.00833333333333,0.0,-0.015556892859303888,-0.005105862539734413,1.2947207284258385e-18
-0.025,-0.00833333333333,0.0,-0.014858854580935546,-0.005173412256437782,6.473603642129193e-19
-0.0233333333333,-0.00833333333333,0.0,-0.014120317478674005,-0.005239093315929346,0.0
-0.0216666666667,-0.00833333333333,0.0,-0.013340632132568706,-0.00530254849527997,1.2947207284258385e-18
-0.02,-0.00833333333333,0.0,-0.012519503759938932,-0.005363406831543935,6.473603642129193e-19
-0.0183333333333,-0.00833333333333,0.0,-0.011657049245481133,-0.005421287624699487,3.2368018210645963e-19
-0.0166666666667,-0.00833333333333,0.0,-0.010753851158214435,-0.005475805221555231,0.0
-0.015,-0.00833333333333,0.0,-0.009811005757452886,-0.005526574536317348,1.2947207284258385e-18
-0.0133333333333,-0.00833333333333,0.0,-0.008830161715990093,-0.005573217219804274,1.2947207284258385e-18
-0.0116666666667,-0.00833333333333,0.0,-0.007813546216020506,-0.005615368342719705,1.6184009105322981e-19
-0.01,-0.00833333333333,0.0,-0.006763975257329991,-0.005652683411940273,6.473603642129193e-19
-0.00833333333333,-0.00833333333333,0.0,-0.0056848454966746485,-0.0056848454966746485,-1.2947207284258385e-18
-0.00666666666667,-0.00833333333333,0.0,-0.004580105725867084,-0.005711572207856665,1.2947207284258385e-18
-0.005,-0.00833333333333,0.0,-0.0034542071679943883,-0.005732622253261035,0.0
-0.00333333333333,-0.00833333333333,0.0,-0.0023120330592502915,-0.005747801286487886,2.589441456851677e-18
-0.00166666666667,-0.00833333333333,0.0,-0.001158809383218211,-0.005756966782246574,1.2947207284258385e-18
4.33680868994e-19,-0.00833333333333,0.0,1.7533994286415713e-19,-0.005760031704058923,1.2947207284258385e-18
0.00166666666667,-0.00833333333333,0.0,0.001158809383218211,-0.005756966782246574,1.2947207284258385e-18
0.00333333333333,-0.00833333333333,0.0,0.0023120330592502915,-0.005747801286487886,2.589441456851677e-18
0.005,-0.00833333333333,0.0,0.0034542071679943883,-0.005732622253261035,0.0
0.00666666666667,-0.00833333333333,0.0,0.004580105725867084,-0.005711572207856665,1.2947207284258385e-18
0.00833333333333,-0.00833333333333,0.0,0.0056848454966746485,-0.0056848454966746485,-1.2947207284258385e-18
0.01,-0.00833333333333,0.0,0.006763975257329991,-0.005652683411940273,6.473603642129193e-19
0.0116666666667,-0.00833333333333,0.0,0.007813546216020506,-0.005615368342719705,1.6184009105322981e-19
0.0133333333333,-0.00833333333333,0.0,0.008830161715990091,-0.005573217219804274,1.2947207284258385e-18
0.015,-0.00833333333333,0.0,0.009811005757452886,-0.005526574536317348,1.2947207284258385e-18
0.0166666666667,-0.00833333333333,0.0,0.010753851158214435,-0.005475805221555231,0.0
0.0183333333333,-0.00833333333333,0.0,0.011657049245481133,-0.005421287624699487,3.2368018210645963e-19
0.02,-0.00833333333333,0.0,0.012519503759938932,-0.005363406831543935,6.473603642129193e-19
0.0216666666667,-0.00833333333333,0.0,0.0133406321325687,-0.00530254849527997,1.2947207284258385e-18
0.0233333333333,-0.00833333333333,0.0,0.014120317478674005,-0.005239093315929346,0.0
0.025,-0.00833333333333,0.0,0.014858854580935546,-0.005173412256437784,6.473603642129193e-19
0.0266666666667,-0.00833333333333,0.0,0.015556892859303888,-0.00510586253973441,1.2947207284258385e-18
0.0283333333333,-0.00833333333333,0.0,0.016215378918089503,-0.005036784432515624,0.0
0.03,-0.00833333333333,0.0,0.016835500779584445,-0.004966498789909903,0.0
0.0316666666667,-0.00833333333333,0.0,0.0174186354083223,-0.004895305310813798,0.0
0.0333333333333,-0.00833333333333,0.0,0.01796630064917087,-0.0048234814364496335,-3.2368018210645963e-19
0.035,-0.00833333333333,0.0,0.018480112271652978,-0.004751281814335065,-1.2947207284258385e-18
0.0366666666667,-0.00833333333333,0.0,0.01896174644278692,-0.004678938245113519,-1.6184009105322981e-19
0.0383333333333,-0.00833333333333,0.0,0.019412907658761552,-0.004606660029493284,0.0
0.04,-0.00833333333333,0.0,0.01983530194659364,-0.004534634636103559,-3.2368018210645963e-19
0.0416666666667,-0.00833333333333,0.0,0.010019759975102587,-0.0044630286170238235,-1.2947207284258385e-18
-0.0416666666667,-0.00666666666667,0.0,-0.010043377092850721,-0.003585935017121613,0.0
-0.04,-0.00666666666667,0.0,-0.0198831290199916,-0.003643983001546534,0.0
-0.0383333333333,-0.00666666666667,0.0,-0.01946188133050374,-0.0037023960276968216,-1.2947207284258385e-18
-0.0366666666667,-0.00666666666667,0.0,-0.019011777277802476,-0.0037610397980248895,0.0
-0.035,-0.00666666666667,0.0,-0.018531086963398082,-0.0038197628069732846,-1.2947207284258385e-18
-0.0333333333333,-0.00666666666667,0.0,-0.018018079426138412,-0.003878395547338521,0.0
-0.0316666666667,-0.00666666666667,0.0,-0.01747104955467435,-0.003936749915750488,0.0
-0.03,-0.00666666666667,0.0,-0.016888350395677036,-0.003994618878435691,-1.2947207284258385e-18
-0.0283333333333,-0.00666666666667,0.0,-0.016268431072151698,-0.004051776463766338,1.2947207284258385e-18
-0.0266666666667,-0.00666666666667,0.0,-0.0156098803052316,-0.004107978151502012,0.0
-0.025,-0.00666666666667,0.0,-0.01491147523625674,-0.004162961728936721,0.0
-0.0233333333333,-0.00666666666667,0.0,-0.014172234867743726,-0.0042164486806913915,0.0
-0.0216666666667,-0.00666666666667,0.0,-0.013391476999125837,-0.004268146170698914,0.0
-0.02,-0.00666666666667,0.0,-0.012568877036274314,-0.004317749660901864,-3.2368018210645963e-19
-0.0183333333333,-0.00666666666667,0.0,-0.011704526528981544,-0.004364946191072379,-6.473603642129193e-19
-0.0166666666667,-0.00666666666667,0.0,-0.010798988787489446,-0.004409418317790082,-1.2947207284258385e-18
-0.015,-0.00666666666667,0.0,-0.009853348498983594,-0.004450848678210603,-1.2947207284258385e-18
-0.0133333333333,-0.00666666666667,0.0,-0.008869251970250135,-0.0044889251072512855,6.473603642129193e-19
-0.0116666666667,-0.00666666666667,0.0,-0.007848934534608557,-0.004523346197145799,0.0
-0.01,-0.00666666666667,0.0,-0.006795231838533378,-0.004553827148524712,0.0
-0.00833333333333,-0.00666666666667,0.0,-0.005711572207856665,-0.004580105725867084,1.2947207284258385e-18
-0.00666666666667,-0.00666666666667,0.0,-0.004601948101028123,-0.004601948101028122,-1.2947207284258385e-18
-0.005,-0.00666666666667,0.0,-0.0034708657620314987,-0.004619154350088069,0.0
-0.00333333333333,-0.00666666666667,0.0,-0.002323273519232012,-0.004631563364380141,2.589441456851677e-18
-0.00166666666667,-0.00666666666667,0.0,-0.0011644706296768366,-0.004639056948155705,-2.589441456851677e-18
4.33680868994e-19,-0.00666666666667,0.0,1.2241479225192731e-19,-0.00464156290364706,-1.2947207284258385e-18
0.00166666666667,-0.00666666666667,0.0,0.0011644706296768366,-0.004639056948155705,-2.589441456851677e-18
0.00333333333333,-0.00666666666667,0.0,0.0023232735192320123,-0.004631563364380141,2.589441456851677e-18
0.005,-0.00666666666667,0.0,0.0034708657620314987,-0.004619154350088069,0.0
0.00666666666667,-0.00666666666667,0.0,0.004601948101028123,-0.004601948101028122,-1.2947207284258385e-18
0.00833333333333,-0.00666666666667,0.0,0.005711572207856665,-0.004580105725867084,1.2947207284258385e-18
0.01,-0.00666666666667,0.0,0.006795231838533378,-0.004553827148524712,0.0
0.0116666666667,-0.00666666666667,0.0,0.007848934534608557,-0.004523346197145798,0.0
0.0133333333333,-0.00666666666667,0.0,0.008869251970250135,-0.0044889251072512855,6.473603642129193e-19
0.015,-0.00666666666667,0.0,0.009853348498983594,-0.004450848678210602,-1.2947207284258385e-18
0.0166666666667,-0.00666666666667,0.0,0.010798988787489446,-0.004409418317790082,-1.2947207284258385e-18
0.0183333333333,-0.00666666666667,0.0,0.011704526528981544,-0.004364946191072379,-6.473603642129193e-19
0.02,-0.00666666666667,0.0,0.012568877036274314,-0.004317749660901864,-3.2368018210645963e-19
0.0216666666667,-0.00666666666667,0.0,0.013391476999125837,-0.004268146170698914,0.0
0.0233333333333,-0.00666666666667,0.0,0.014172234867743726,-0.0042164486806913915,0.0
0.025,-0.00666666666667,0.0,0.014911475236256744,-0.004162961728936721,0.0
0.0266666666667,-0.00666666666667,0.0,0.0156098803052316,-0.00410797815150201,-1.2947207284258385e-18
0.0283333333333,-0.00666666666667,0.0,0.016268431072151694,-0.004051776463766336,1.2947207284258385e-18
0.03,-0.00666666666667,0.0,0.016888350395677036,-0.0039946188784356915,-1.2947207284258385e-18
0.0316666666667,-0.00666666666667,0.0,0.01747104955467435,-0.003936749915750488,0.0
0.0333333333333,-0.00666666666667,0.0,0.018018079426138412,-0.003878395547338521,0.0
0.035,-0.00666666666667,0.0,0.018531086963398082,-0.0038197628069732807,-1.2947207284258385e-18
0.0366666666667,-0.00666666666667,0.0,0.019011777277802476,-0.0037610397980248895,0.0
0.0383333333333,-0.00666666666667,0.0,0.019461881330503736,-0.00370239602769682,-1.2947207284258385e-18
0.04,-0.00666666666667,0.0,0.0198831290199916,-0.003643983001546534,0.0
0.0416666666667,-0.00666666666667,0.0,0.010043377092850721,-0.003585935017121613,0.0
-0.0416666666667,-0.005,0.0,-0.01006185564821486,-0.002698596216600234,-1.2947207284258385e-18
-0.04,-0.005,0.0,-0.019920556054805166,-0.0027425854368966236,0.0
-0.0383333333333,-0.005,0.0,-0.01950021814242495,-0.00278686625752146,-1.2947207284258385e-18
-0.0366666666667,-0.005,0.0,-0.01905095486236626,-0.002831337354192287,6.473603642129193e-19
-0.035,-0.005,0.0,-0.018571017544464927,-0.0028758842130187337,0.0
-0.0333333333333,-0.005,0.0,-0.018058654381237816,-0.0029203784978634392,0.0
-0.0316666666667,-0.005,0.0,-0.017512137423507802,-0.0029646775674576635,0.0
-0.03,-0.005,0.0,-0.016929795071178543,-0.003008624189699734,-6.473603642129193e-19
-0.0283333333333,-0.005,0.0,-0.016310050294163214,-0.003052046504915693,1.2947207284258385e-18
-0.0266666666667,-0.005,0.0,-0.015651464596216646,-0.0030947582927699263,0.0
-0.025,-0.005,0.0,-0.014952787434308772,-0.003136559598034036,-1.6184009105322981e-19
-0.0233333333333,-0.005,0.0,-0.01421301042164273,-0.003177237768039541,1.2947207284258385e-18
-0.0216666666667,-0.005,0.0,-0.013431425190238743,-0.0032165689485608756,0.0
-0.02,-0.005,0.0,-0.012607683279398917,-0.003254320074238161,4.0460022763307453e-20
-0.0183333333333,-0.005,0.0,-0.011741855875789024,-0.003290251374196909,1.2947207284258385e-18
-0.0166666666667,-0.005,0.0,-0.010834490709936102,-0.003324119393094707,0.0
-0.015,-0.005,0.0,-0.00988666296531109,-0.0033556805025668278,0.0
-0.0133333333333,-0.005,0.0,-0.008900016744472529,-0.003384694849035448,-1.6184009105322981e-19
-0.0116666666667,-0.005,0.0,-0.007876793535877405,-0.0034109306526085383,0.0
-0.01,-0.005,0.0,-0.006819844296456797,-0.0034341687403078086,-1.2947207284258385e-18
-0.00833333333333,-0.005,0.0,-0.005732622253261035,-0.0034542071679943883,0.0
-0.00666666666667,-0.005,0.0,-0.004619154350088069,-0.0034708657620314987,0.0
-0.005,-0.005,0.0,-0.003483990396762817,-0.003483990396762816,-1.2947207284258385e-18
-0.00333333333333,-0.005,0.0,-0.002332130349229971,-0.003493456820010444,1.2947207284258385e-18
-0.00166666666667,-0.005,0.0,-0.0011689316455430912,-0.0034991738475789696,1.2947207284258385e-18
4.33680868994e-19,-0.005,0.0,1.7311870212881306e-19,-0.0035010857697988277,-1.2947207284258385e-18
0.00166666666667,-0.005,0.0,0.0011689316455430914,-0.0034991738475789696,1.2947207284258385e-18
0.00333333333333,-0.005,0.0,0.002332130349229971,-0.003493456820010444,1.2947207284258385e-18
0.005,-0.005,0.0,0.0034839903967628172,-0.003483990396762816,-1.2947207284258385e-18
0.00666666666667,-0.005,0.0,0.004619154350088069,-0.0034708657620314987,0.0
0.00833333333333,-0.005,0.0,0.005732622253261035,-0.0034542071679943883,0.0
0.01,-0.005,0.0,0.006819844296456797,-0.0034341687403078073,-1.2947207284258385e-18
0.0116666666667,-0.005,0.0,0.007876793535877405,-0.0034109306526085383,0.0
0.0133333333333,-0.005,0.0,0.008900016744472529,-0.003384694849035448,-1.6184009105322981e-19
0.015,-0.005,0.0,0.00988666296531109,-0.0033556805025668278,0.0
0.0166666666667,-0.005,0.0,0.010834490709936102,-0.003324119393094707,0.0
0.0183333333333,-0.005,0.0,0.011741855875789024,-0.003290251374196909,1.2947207284258385e-18
0.02,-0.005,0.0,0.012607683279398917,-0.003254320074238161,4.0460022763307453e-20
0.0216666666667,-0.005,0.0,0.013431425190238743,-0.0032165689485608756,0.0
0.0233333333333,-0.005,0.0,0.01421301042164273,-0.003177237768039541,1.2947207284258385e-18
0.025,-0.005,0.0,0.014952787434308768,-0.003136559598034036,-1.6184009105322981e-19
0.0266666666667,-0.005,0.0,0.015651464596216642,-0.0030947582927699263,-1.2947207284258385e-18
0.0283333333333,-0.005,0.0,0.016310050294163204,-0.003052046504915693,0.0
0.03,-0.005,0.0,0.016929795071178543,-0.003008624189699734,-6.473603642129193e-19
0.0316666666667,-0.005,0.0,0.017512137423507802,-0.002964677567457663,0.0
0.0333333333333,-0.005,0.0,0.018058654381237816,-0.0029203784978634392,0.0
0.035,-0.005,0.0,0.01857101754446492,-0.0028758842130187333,0.0
0.0366666666667,-0.005,0.0,0.019050954862366257,-0.002831337354192287,6.473603642129193e-19
0.0383333333333,-0.005,0.0,0.01950021814242495,-0.002786866257521461,-1.2947207284258385e-18
0.04,-0.005,0.0,0.019920556054805166,-0.0027425854368966236,0.0
0.0416666666667,-0.005,0.0,0.01006185564821486,-0.002698596216600234,-1.2947207284258385e-18
-0.0416666666667,-0.00333333333333,0.0,-0.010075113842922699,-0.0018034537532138793,6.473603642129193e-19
-0.04,-0.00333333333333,0.0,-0.01994741290675898,-0.0018329986602835407,-1.2947207284258385e-18
-0.0383333333333,-0.00333333333333,0.0,-0.01952773462062585,-0.001862746668662672,0.0
-0.0366666666667,-0.00333333333333,0.0,-0.019079081991230033,-0.0018926299483295857,0.0
-0.035,-0.00333333333333,0.0,-0.01859969282983658,-0.0019225717387274773,0.0
-0.0333333333333,-0.00333333333333,0.0,-0.018087800297023733,-0.0019524859085576637,-6.473603642129193e-19
-0.0316666666667,-0.00333333333333,0.0,-0.017541659954546672,-0.0019822766155499633,0.0
-0.03,-0.00333333333333,0.0,-0.0169595823841967,-0.0020118380985844806,0.0
-0.0283333333333,-0.00333333333333,0.0,-0.016339971623871546,-0.0020410546376189295,-1.2947207284258385e-18
-0.0266666666667,-0.00333333333333,0.0,-0.01568136944795772,-0.002069800718984631,1.2947207284258385e-18
-0.025,-0.00333333333333,0.0,-0.014982505216522782,-0.002097941444120101,-3.2368018210645963e-19
-0.0233333333333,-0.00333333333333,0.0,-0.014242350628729913,-0.0021253332183287796,-1.2947207284258385e-18
-0.0216666666667,-0.00333333333333,0.0,-0.013460178256860874,-0.002151824752138967,0.0
-0.02,-0.00333333333333,0.0,-0.012635622218452021,-0.0021772584007012166,3.2368018210645963e-19
-0.0183333333333,-0.00333333333333,0.0,-0.011768738791939357,-0.0022014718561781227,-1.2947207284258385e-18
-0.0166666666667,-0.00333333333333,0.0,-0.010860064247161452,-0.002224300194155793,0.0
-0.015,-0.00333333333333,0.0,-0.009910666699797122,-0.002245578257788444,-6.473603642129193e-19
-0.0133333333333,-0.00333333333333,0.0,-0.008922188474525224,-0.002265143343440758,0.0
-0.0116666666667,-0.00333333333333,0.0,-0.007896875351241641,-0.0022828381300231625,1.2947207284258385e-18
-0.01,-0.00333333333333,0.0,-0.006837589235676257,-0.0022985137724084717,0.0
-0.00833333333333,-0.00333333333333,0.0,-0.005747801286487886,-0.0023120330592502915,2.589441456851677e-18
-0.00666666666667,-0.00333333333333,0.0,-0.004631563364380141,-0.002323273519232012,2.589441456851677e-18
-0.005,-0.00333333333333,0.0,-0.003493456820010444,-0.002332130349229971,1.2947207284258385e-18
-0.00333333333333,-0.00333333333333,0.0,-0.0023385190349983127,-0.0023385190349983127,0.0
-0.00166666666667,-0.00333333333333,0.0,-0.0011721496594240463,-0.0023423775408676598,6.473603642129193e-19
4.33680868994e-19,-0.00333333333333,0.0,1.7272805720015963e-19,-0.002343667960049967,0.0
0.00166666666667,-0.00333333333333,0.0,0.0011721496594240463,-0.0023423775408676598,6.473603642129193e-19
0.00333333333333,-0.00333333333333,0.0,0.0023385190349983122,-0.0023385190349983127,0.0
0.005,-0.00333333333333,0.0,0.0034934568200104443,-0.002332130349229971,1.2947207284258385e-18
0.00666666666667,-0.00333333333333,0.0,0.004631563364380141,-0.002323273519232012,2.589441456851677e-18
0.00833333333333,-0.00333333333333,0.0,0.0057478012864878875,-0.0023120330592502915,2.589441456851677e-18
0.01,-0.00333333333333,0.0,0.006837589235676258,-0.0022985137724084725,0.0
0.0116666666667,-0.00333333333333,0.0,0.007896875351241641,-0.0022828381300231625,1.2947207284258385e-18
0.0133333333333,-0.00333333333333,0.0,0.008922188474525224,-0.002265143343440758,0.0
0.015,-0.00333333333333,0.0,0.009910666699797122,-0.002245578257788444,-6.473603642129193e-19
0.0166666666667,-0.00333333333333,0.0,0.010860064247161455,-0.0022243001941557945,0.0
0.0183333333333,-0.00333333333333,0.0,0.011768738791939357,-0.0022014718561781227,-1.2947207284258385e-18
0.02,-0.00333333333333,0.0,0.012635622218452021,-0.002177258400701217,0.0
0.0216666666667,-0.00333333333333,0.0,0.013460178256860874,-0.002151824752138967,0.0
0.0233333333333,-0.00333333333333,0.0,0.014242350628729913,-0.0021253332183287796,-1.2947207284258385e-18
0.025,-0.00333333333333,0.0,0.014982505216522782,-0.0020979414441201017,-3.2368018210645963e-19
0.0266666666667,-0.00333333333333,0.0,0.01568136944795772,-0.002069800718984631,1.2947207284258385e-18
0.0283333333333,-0.00333333333333,0.0,0.016339971623871546,-0.0020410546376189312,-1.2947207284258385e-18
0.03,-0.00333333333333,0.0,0.0169595823841967,-0.0020118380985844806,0.0
0.0316666666667,-0.00333333333333,0.0,0.017541659954546675,-0.001982276615549964,0.0
0.0333333333333,-0.00333333333333,0.0,0.018087800297023733,-0.0019524859085576628,-6.473603642129193e-19
0.035,-0.00333333333333,0.0,0.01859969282983658,-0.0019225717387274812,0.0
0.0366666666667,-0.00333333333333,0.0,0.019079081991230033,-0.0018926299483295857,0.0
0.0383333333333,-0.00333333333333,0.0,0.01952773462062585,-0.0018627466686626703,0.0
0.04,-0.00333333333333,0.0,0.01994741290675898,-0.0018329986602835407,-1.2947207284258385e-18
0.0416666666667,-0.00333333333333,0.0,0.010075113842922702,-0.0018034537532138789,6.473603642129193e-19
-0.0416666666667,-0.00166666666667,0.0,-0.010083092584624248,-0.0009030508066178969,-1.2947207284258385e-18
-0.04,-0.00166666666667,0.0,-0.01996357660990701,-0.0009178894841366133,-1.2947207284258385e-18
-0.0383333333333,-0.00166666666667,0.0,-0.01954429805843107,-0.0009328323667660188,6.473603642129193e-19
-0.0366666666667,-0.00166666666667,0.0,-0.01909601590818507,-0.0009478454565635976,0.0
-0.035,-0.00166666666667,0.0,-0.018616959815086258,-0.0009628902485918035,0.0
-0.0333333333333,-0.00166666666667,0.0,-0.018105353863562358,-0.0009779235051501076,0.0
-0.0316666666667,-0.00166666666667,0.0,-0.017559443650847432,-0.000992897080026208,0.0
-0.03,-0.00166666666667,0.0,-0.01697752898171886,-0.0010077578091830298,0.0
-0.0283333333333,-0.00166666666667,0.0,-0.016358002433203817,-0.0010224474858927539,-1.2947207284258385e-18
-0.0266666666667,-0.00166666666667,0.0,-0.01569939382518102,-0.0010369029394406068,-1.2947207284258385e-18
-0.025,-0.00166666666667,0.0,-0.01500042032871678,-0.0010510562368192973,0.0
-0.0233333333333,-0.00166666666667,0.0,-0.014260041552150103,-0.0010648350261290471,1.2947207284258385e-18
-0.0216666666667,-0.00166666666667,0.0,-0.013477518481776791,-0.0010781630384104272,0.0
-0.02,-0.00166666666667,0.0,-0.01265247462945654,-0.0010909607610490458,3.2368018210645963e-19
-0.0183333333333,-0.00166666666667,0.0,-0.011784957180336562,-0.0011031462906001097,0.0
-0.0166666666667,-0.00166666666667,0.0,-0.010875495391810885,-0.0011146363658201218,0.0
-0.015,-0.00166666666667,0.0,-0.009925153024198758,-0.0011253475728946105,-1.2947207284258385e-18
-0.0133333333333,-0.00166666666667,0.0,-0.008935571251581065,-0.0011351977046812393,0.0
-0.0116666666667,-0.00166666666667,0.0,-0.007908998384841676,-0.0011441072447819908,0.0
-0.01,-0.00166666666667,0.0,-0.006848302903141763,-0.0011520009360958035,0.0
-0.00833333333333,-0.00166666666667,0.0,-0.005756966782246574,-0.001158809383218211,1.2947207284258385e-18
-0.00666666666667,-0.00166666666667,0.0,-0.004639056948155707,-0.0011644706296768366,-2.589441456851677e-18
-0.005,-0.00166666666667,0.0,-0.0034991738475789696,-0.0011689316455430912,1.2947207284258385e-18
-0.00333333333333,-0.00166666666667,0.0,-0.0023423775408676598,-0.001172149659424046,6.473603642129193e-19
-0.00166666666667,-0.00166666666667,0.0,-0.0011740932717960988,-0.0011740932717960986,0.0
4.33680868994e-19,-0.00166666666667,0.0,1.1272085906328485e-19,-0.001174743294309608,0.0
0.00166666666667,-0.00166666666667,0.0,0.0011740932717960988,-0.0011740932717960986,0.0
0.00333333333333,-0.00166666666667,0.0,0.0023423775408676598,-0.0011721496594240463,6.473603642129193e-19
0.005,-0.00166666666667,0.0,0.0034991738475789696,-0.0011689316455430912,1.2947207284258385e-18
0.00666666666667,-0.00166666666667,0.0,0.004639056948155705,-0.0011644706296768366,-2.589441456851677e-18
0.00833333333333,-0.00166666666667,0.0,0.005756966782246574,-0.001158809383218211,1.2947207284258385e-18
0.01,-0.00166666666667,0.0,0.006848302903141763,-0.0011520009360958055,0.0
0.0116666666667,-0.00166666666667,0.0,0.007908998384841676,-0.0011441072447819908,0.0
0.0133333333333,-0.00166666666667,0.0,0.008935571251581063,-0.0011351977046812393,0.0
0.015,-0.00166666666667,0.0,0.009925153024198755,-0.0011253475728946105,-1.2947207284258385e-18
0.0166666666667,-0.00166666666667,0.0,0.010875495391810888,-0.0011146363658201212,-1.2947207284258385e-18
0.0183333333333,-0.00166666666667,0.0,0.011784957180336562,-0.0011031462906001097,0.0
0.02,-0.00166666666667,0.0,0.01265247462945654,-0.001090960761049046,3.2368018210645963e-19
0.0216666666667,-0.00166666666667,0.0,0.013477518481776791,-0.0010781630384104272,0.0
0.0233333333333,-0.00166666666667,0.0,0.014260041552150103,-0.0010648350261290471,1.2947207284258385e-18
0.025,-0.00166666666667,0.0,0.01500042032871679,-0.0010510562368192973,0.0
0.0266666666667,-0.00166666666667,0.0,0.01569939382518102,-0.0010369029394406068,-1.2947207284258385e-18
0.0283333333333,-0.00166666666667,0.0,0.016358002433203817,-0.0010224474858927539,-1.2947207284258385e-18
0.03,-0.00166666666667,0.0,0.01697752898171886,-0.0010077578091830298,0.0
0.0316666666667,-0.00166666666667,0.0,0.017559443650847432,-0.0009928970800262102,-1.2947207284258385e-18
0.0333333333333,-0.00166666666667,0.0,0.018105353863562355,-0.000977923505150108,0.0
0.035,-0.00166666666667,0.0,0.018616959815086254,-0.0009628902485918035,0.0
0.0366666666667,-0.00166666666667,0.0,0.019096015908185073,-0.0009478454565635976,0.0
0.0383333333333,-0.00166666666667,0.0,0.019544298058431067,-0.0009328323667660185,0.0
0.04,-0.00166666666667,0.0,0.019963576609907004,-0.0009178894841366133,-1.2947207284258385e-18
0.0416666666667,-0.00166666666667,0.0,0.01008309258462425,-0.000903050806617897,-6.473603642129193e-19
-0.0416666666667,4.33680868994e-19,0.0,-0.01008575614949738,1.1271195704642324e-18,0.0
-0.04,4.33680868994e-19,0.0,-0.019968972805415947,1.2203828498613064e-19,0.0
-0.0383333333333,4.33680868994e-19,0.0,-0.019549828163162343,1.429158374108562e-19,0.0
-0.0366666666667,4.33680868994e-19,0.0,-0.019101670192403095,1.5307845349621946e-19,0.0
-0.035,4.33680868994e-19,0.0,-0.01862272582322804,1.4744345987791696e-19,1.2947207284258385e-18
-0.0333333333333,4.33680868994e-19,0.0,-0.018111216105153132,-3.2917953616135673e-19,6.473603642129193e-19
-0.0316666666667,4.33680868994e-19,0.0,-0.01756538330200431,-7.137153064903542e-19,0.0
-0.03,4.33680868994e-19,0.0,-0.01698352361177925,1.6431060634680097e-19,-8.092004552661491e-20
-0.0283333333333,4.33680868994e-19,0.0,-0.016364025774153666,1.3691765241672112e-19,0.0
-0.0266666666667,4.33680868994e-19,0.0,-0.01570541560453458,1.4734376295921768e-19,-1.2947207284258385e-18
-0.025,4.33680868994e-19,0.0,-0.015006406188983428,1.6780971549303877e-19,0.0
-0.0233333333333,4.33680868994e-19,0.0,-0.014265953081597674,1.3611354191187044e-19,-1.2947207284258385e-18
-0.0216666666667,4.33680868994e-19,0.0,-0.013483313381384183,1.7318738914091682e-19,0.0
-0.02,4.33680868994e-19,0.0,-0.01265810703924338,1.6551713761334163e-19,0.0
-0.0183333333333,4.33680868994e-19,0.0,-0.011790378184185352,1.5948403022712209e-19,1.2947207284258385e-18
-0.0166666666667,4.33680868994e-19,0.0,-0.010880653713133731,1.5955674437743235e-19,-1.2947207284258385e-18
-0.015,4.33680868994e-19,0.0,-0.009929995915209551,1.6782735277044288e-19,0.0
-0.0133333333333,4.33680868994e-19,0.0,-0.008940045566726621,1.6557978186203298e-19,-3.2368018210645963e-19
-0.0116666666667,4.33680868994e-19,0.0,-0.007913051814729904,1.7793998700659945e-19,0.0
-0.01,4.33680868994e-19,0.0,-0.006851885330117527,1.368373163791226e-19,0.0
-0.00833333333333,4.33680868994e-19,0.0,-0.005760031704058922,1.7533994286415713e-19,1.2947207284258385e-18
-0.00666666666667,4.33680868994e-19,0.0,-0.00464156290364706,1.2241479225192731e-19,-1.2947207284258385e-18
-0.005,4.33680868994e-19,0.0,-0.003501085769798827,1.7311870212881306e-19,-1.2947207284258385e-18
-0.00333333333333,4.33680868994e-19,0.0,-0.0023436679600499664,1.7272805720015963e-19,-6.473603642129193e-19
-0.00166666666667,4.33680868994e-19,0.0,-0.0011747432943096086,1.1272085906328485e-19,0.0
0.00166666666667,4.33680868994e-19,0.0,0.001174743294309608,1.1272085906328485e-19,0.0
0.00333333333333,4.33680868994e-19,0.0,0.002343667960049967,1.7272805720015963e-19,0.0
0.005,4.33680868994e-19,0.0,0.0035010857697988277,1.7311870212881306e-19,-1.2947207284258385e-18
0.00666666666667,4.33680868994e-19,0.0,0.00464156290364706,1.2241479225192731e-19,-1.2947207284258385e-18
0.00833333333333,4.33680868994e-19,0.0,0.005760031704058923,1.7533994286415713e-19,1.2947207284258385e-18
0.01,4.33680868994e-19,0.0,0.006851885330117527,1.368373163791226e-19,0.0
0.0116666666667,4.33680868994e-19,0.0,0.007913051814729904,1.7793998700659945e-19,0.0
0.0133333333333,4.33680868994e-19,0.0,0.008940045566726621,1.6557978186203298e-19,-3.2368018210645963e-19
0.015,4.33680868994e-19,0.0,0.009929995915209551,1.6782735277044288e-19,0.0
0.0166666666667,4.33680868994e-19,0.0,0.010880653713133733,1.5955674437743235e-19,-1.2947207284258385e-18
0.0183333333333,4.33680868994e-19,0.0,0.011790378184185352,1.5948403022712209e-19,1.2947207284258385e-18
0.02,4.33680868994e-19,0.0,0.01265810703924338,1.6551713761334163e-19,0.0
0.0216666666667,4.33680868994e-19,0.0,0.013483313381384183,1.7318738914091682e-19,0.0
0.0233333333333,4.33680868994e-19,0.0,0.014265953081597678,1.3611354191187044e-19,-1.2947207284258385e-18
0.025,4.33680868994e-19,0.0,0.015006406188983428,1.1436922576207647e-19,0.0
0.0266666666667,4.33680868994e-19,0.0,0.015705415604534576,1.4734376295921768e-19,0.0
0.0283333333333,4.33680868994e-19,0.0,0.016364025774153662,1.3691765241672112e-19,0.0
0.03,4.33680868994e-19,0.0,0.01698352361177925,1.6431060634680097e-19,-8.092004552661491e-20
0.0316666666667,4.33680868994e-19,0.0,0.01756538330200431,1.3685776728099274e-19,1.2947207284258385e-18
0.0333333333333,4.33680868994e-19,0.0,0.018111216105153132,1.429463204588415e-19,6.473603642129193e-19
0.035,4.33680868994e-19,0.0,0.018622725823228038,1.4744345987791696e-19,1.2947207284258385e-18
0.0366666666667,4.33680868994e-19,0.0,0.019101670192403095,1.5307845349621946e-19,0.0
0.0383333333333,4.33680868994e-19,0.0,0.019549828163162343,1.429158374108562e-19,0.0
0.04,4.33680868994e-19,0.0,0.019968972805415947,1.2203828498613064e-19,0.0
0.0416666666667,4.33680868994e-19,0.0,0.010085756149497378,1.1288379072116588e-19,0.0
-0.0416666666667,0.00166666666667,0.0,-0.01008309258462425,0.0009030508066178969,-6.473603642129193e-19
-0.04,0.00166666666667,0.0,-0.01996357660990701,0.0009178894841366133,-1.2947207284258385e-18
-0.0383333333333,0.00166666666667,0.0,-0.01954429805843107,0.000932832366766019,6.473603642129193e-19
-0.0366666666667,0.00166666666667,0.0,-0.01909601590818507,0.0009478454565635957,0.0
-0.035,0.00166666666667,0.0,-0.018616959815086258,0.0009628902485918036,0.0
-0.0333333333333,0.00166666666667,0.0,-0.018105353863562358,0.0009779235051501078,6.473603642129193e-19
-0.0316666666667,0.00166666666667,0.0,-0.017559443650847426,0.0009928970800262083,-1.2947207284258385e-18
-0.03,0.00166666666667,0.0,-0.01697752898171886,0.0010077578091830298,0.0
-0.0283333333333,0.00166666666667,0.0,-0.016358002433203817,0.0010224474858927539,-1.2947207284258385e-18
-0.0266666666667,0.00166666666667,0.0,-0.01569939382518102,0.001036902939440607,-1.2947207284258385e-18
-0.025,0.00166666666667,0.0,-0.01500042032871678,0.0010510562368192975,0.0
-0.0233333333333,0.00166666666667,0.0,-0.014260041552150103,0.0010648350261290471,1.2947207284258385e-18
-0.0216666666667,0.00166666666667,0.0,-0.013477518481776791,0.0010781630384104272,0.0
-0.02,0.00166666666667,0.0,-0.01265247462945654,0.001090960761049046,3.2368018210645963e-19
-0.0183333333333,0.00166666666667,0.0,-0.011784957180336562,0.00110314629060011,0.0
-0.0166666666667,0.00166666666667,0.0,-0.010875495391810885,0.0011146363658201218,0.0
-0.015,0.00166666666667,0.0,-0.009925153024198758,0.0011253475728946114,-1.2947207284258385e-18
-0.0133333333333,0.00166666666667,0.0,-0.008935571251581065,0.0011351977046812393,0.0
-0.0116666666667,0.00166666666667,0.0,-0.007908998384841676,0.0011441072447819908,0.0
-0.01,0.00166666666667,0.0,-0.006848302903141763,0.0011520009360958057,0.0
-0.00833333333333,0.00166666666667,0.0,-0.005756966782246574,0.001158809383218211,1.2947207284258385e-18
-0.00666666666667,0.00166666666667,0.0,-0.004639056948155707,0.0011644706296768366,-2.589441456851677e-18
-0.005,0.00166666666667,0.0,-0.0034991738475789696,0.0011689316455430914,1.2947207284258385e-18
-0.00333333333333,0.00166666666667,0.0,-0.0023423775408676598,0.001172149659424046,6.473603642129193e-19
-0.00166666666667,0.00166666666667,0.0,-0.0011740932717960988,0.0011740932717960988,0.0
4.33680868994e-19,0.00166666666667,0.0,1.1272085906328485e-19,0.001174743294309608,0.0
0.00166666666667,0.00166666666667,0.0,0.0011740932717960988,0.0011740932717960988,0.0
0.00333333333333,0.00166666666667,0.0,0.0023423775408676598,0.0011721496594240463,6.473603642129193e-19
0.005,0.00166666666667,0.0,0.0034991738475789696,0.0011689316455430914,1.2947207284258385e-18
0.00666666666667,0.00166666666667,0.0,0.004639056948155705,0.0011644706296768366,-2.589441456851677e-18
0.00833333333333,0.00166666666667,0.0,0.005756966782246574,0.001158809383218211,1.2947207284258385e-18
0.01,0.00166666666667,0.0,0.006848302903141763,0.0011520009360958057,0.0
0.0116666666667,0.00166666666667,0.0,0.007908998384841676,0.0011441072447819908,0.0
0.0133333333333,0.00166666666667,0.0,0.008935571251581063,0.0011351977046812393,0.0
0.015,0.00166666666667,0.0,0.009925153024198755,0.0011253475728946107,-1.2947207284258385e-18
0.0166666666667,0.00166666666667,0.0,0.010875495391810888,0.0011146363658201212,-1.2947207284258385e-18
0.0183333333333,0.00166666666667,0.0,0.011784957180336562,0.00110314629060011,0.0
0.02,0.00166666666667,0.0,0.01265247462945654,0.001090960761049046,3.2368018210645963e-19
0.0216666666667,0.00166666666667,0.0,0.013477518481776791,0.0010781630384104272,0.0
0.0233333333333,0.00166666666667,0.0,0.014260041552150103,0.0010648350261290471,1.2947207284258385e-18
0.025,0.00166666666667,0.0,0.01500042032871679,0.0010510562368192975,0.0
0.0266666666667,0.00166666666667,0.0,0.01569939382518102,0.001036902939440607,-1.2947207284258385e-18
0.0283333333333,0.00166666666667,0.0,0.016358002433203817,0.0010224474858927539,-1.2947207284258385e-18
0.03,0.00166666666667,0.0,0.01697752898171886,0.0010077578091830298,0.0
0.0316666666667,0.00166666666667,0.0,0.017559443650847432,0.0009928970800262102,-1.2947207284258385e-18
0.0333333333333,0.00166666666667,0.0,0.018105353863562355,0.000977923505150108,0.0
0.035,0.00166666666667,0.0,0.018616959815086254,0.0009628902485918036,0.0
0.0366666666667,0.00166666666667,0.0,0.019096015908185073,0.0009478454565635976,0.0
0.0383333333333,0.00166666666667,0.0,0.019544298058431067,0.0009328323667660188,0.0
0.04,0.00166666666667,0.0,0.019963576609907004,0.0009178894841366133,-1.2947207284258385e-18
0.0416666666667,0.00166666666667,0.0,0.01008309258462425,0.0009030508066178971,-6.473603642129193e-19
-0.0416666666667,0.00333333333333,0.0,-0.0100751138429227,0.0018034537532138782,0.0
-0.04,0.00333333333333,0.0,-0.01994741290675898,0.0018329986602835411,-1.2947207284258385e-18
-0.0383333333333,0.00333333333333,0.0,-0.019527734620625847,0.001862746668662672,0.0
-0.0366666666667,0.00333333333333,0.0,-0.019079081991230026,0.0018926299483295853,0.0
-0.035,0.00333333333333,0.0,-0.01859969282983658,0.0019225717387274773,0.0
-0.0333333333333,0.00333333333333,0.0,-0.018087800297023733,0.0019524859085576643,-6.473603642129193e-19
-0.0316666666667,0.00333333333333,0.0,-0.017541659954546672,0.001982276615549964,0.0
-0.03,0.00333333333333,0.0,-0.0169595823841967,0.0020118380985844806,0.0
-0.0283333333333,0.00333333333333,0.0,-0.016339971623871546,0.0020410546376189295,-1.2947207284258385e-18
-0.0266666666667,0.00333333333333,0.0,-0.01568136944795772,0.002069800718984631,1.2947207284258385e-18
-0.025,0.00333333333333,0.0,-0.014982505216522782,0.002097941444120101,-3.2368018210645963e-19
-0.0233333333333,0.00333333333333,0.0,-0.014242350628729913,0.00212533321832878,-1.2947207284258385e-18
-0.0216666666667,0.00333333333333,0.0,-0.013460178256860874,0.002151824752138967,0.0
-0.02,0.00333333333333,0.0,-0.012635622218452021,0.0021772584007012166,3.2368018210645963e-19
-0.0183333333333,0.00333333333333,0.0,-0.011768738791939357,0.0022014718561781223,-1.2947207284258385e-18
-0.0166666666667,0.00333333333333,0.0,-0.010860064247161452,0.0022243001941557932,0.0
-0.015,0.00333333333333,0.0,-0.00991066669979712,0.002245578257788444,-6.473603642129193e-19
-0.0133333333333,0.00333333333333,0.0,-0.008922188474525224,0.0022651433434407574,0.0
-0.0116666666667,0.00333333333333,0.0,-0.007896875351241641,0.0022828381300231625,1.2947207284258385e-18
-0.01,0.00333333333333,0.0,-0.006837589235676258,0.0022985137724084725,0.0
-0.00833333333333,0.00333333333333,0.0,-0.0057478012864878875,0.0023120330592502915,2.589441456851677e-18
-0.00666666666667,0.00333333333333,0.0,-0.004631563364380141,0.0023232735192320123,2.589441456851677e-18
-0.005,0.00333333333333,0.0,-0.003493456820010444,0.002332130349229971,1.2947207284258385e-18
-0.00333333333333,0.00333333333333,0.0,-0.0023385190349983127,0.0023385190349983122,0.0
-0.00166666666667,0.00333333333333,0.0,-0.0011721496594240463,0.0023423775408676606,6.473603642129193e-19
4.33680868994e-19,0.00333333333333,0.0,1.7272805720015963e-19,0.002343667960049967,0.0
0.00166666666667,0.00333333333333,0.0,0.0011721496594240463,0.0023423775408676606,6.473603642129193e-19
0.00333333333333,0.00333333333333,0.0,0.0023385190349983122,0.0023385190349983122,0.0
0.005,0.00333333333333,0.0,0.0034934568200104443,0.002332130349229971,1.2947207284258385e-18
0.00666666666667,0.00333333333333,0.0,0.004631563364380141,0.0023232735192320123,2.589441456851677e-18
0.00833333333333,0.00333333333333,0.0,0.0057478012864878875,0.0023120330592502915,2.589441456851677e-18
0.01,0.00333333333333,0.0,0.006837589235676258,0.0022985137724084725,0.0
0.0116666666667,0.00333333333333,0.0,0.007896875351241641,0.0022828381300231625,1.2947207284258385e-18
0.0133333333333,0.00333333333333,0.0,0.008922188474525224,0.0022651433434407574,0.0
0.015,0.00333333333333,0.0,0.009910666699797122,0.002245578257788444,-6.473603642129193e-19
0.0166666666667,0.00333333333333,0.0,0.010860064247161455,0.0022243001941557945,0.0
0.0183333333333,0.00333333333333,0.0,0.011768738791939353,0.0022014718561781223,-1.2947207284258385e-18
0.02,0.00333333333333,0.0,0.012635622218452021,0.0021772584007012166,3.2368018210645963e-19
0.0216666666667,0.00333333333333,0.0,0.013460178256860874,0.002151824752138967,0.0
0.0233333333333,0.00333333333333,0.0,0.014242350628729913,0.00212533321832878,-1.2947207284258385e-18
0.025,0.00333333333333,0.0,0.014982505216522782,0.0020979414441201017,-3.2368018210645963e-19
0.0266666666667,0.00333333333333,0.0,0.01568136944795772,0.002069800718984631,1.2947207284258385e-18
0.0283333333333,0.00333333333333,0.0,0.016339971623871546,0.0020410546376189312,-1.2947207284258385e-18
0.03,0.00333333333333,0.0,0.0169595823841967,0.00201183809858448,0.0
0.0316666666667,0.00333333333333,0.0,0.017541659954546675,0.001982276615549964,0.0
0.0333333333333,0.00333333333333,0.0,0.018087800297023733,0.001952485908557663,-6.473603642129193e-19
0.035,0.00333333333333,0.0,0.01859969282983658,0.0019225717387274812,0.0
0.0366666666667,0.00333333333333,0.0,0.019079081991230033,0.0018926299483295857,0.0
0.0383333333333,0.00333333333333,0.0,0.01952773462062585,0.0018627466686626695,0.0
0.04,0.00333333333333,0.0,0.01994741290675898,0.0018329986602835411,-1.2947207284258385e-18
0.0416666666667,0.00333333333333,0.0,0.010075113842922702,0.0018034537532138793,6.473603642129193e-19
-0.0416666666667,0.005,0.0,-0.01006185564821486,0.002698596216600235,-1.2947207284258385e-18
-0.04,0.005,0.0,-0.019920556054805166,0.0027425854368966236,0.0
-0.0383333333333,0.005,0.0,-0.01950021814242495,0.002786866257521461,-1.2947207284258385e-18
-0.0366666666667,0.005,0.0,-0.01905095486236626,0.002831337354192288,6.473603642129193e-19
-0.035,0.005,0.0,-0.018571017544464927,0.002875884213018734,0.0
-0.0333333333333,0.005,0.0,-0.018058654381237816,0.00292037849786344,0.0
-0.0316666666667,0.005,0.0,-0.017512137423507802,0.002964677567457663,0.0
-0.03,0.005,0.0,-0.016929795071178543,0.0030086241896997326,-6.473603642129193e-19
-0.0283333333333,0.005,0.0,-0.016310050294163214,0.003052046504915693,1.2947207284258385e-18
-0.0266666666667,0.005,0.0,-0.015651464596216646,0.0030947582927699263,0.0
-0.025,0.005,0.0,-0.014952787434308772,0.003136559598034035,-1.6184009105322981e-19
-0.0233333333333,0.005,0.0,-0.01421301042164273,0.003177237768039541,1.2947207284258385e-18
-0.0216666666667,0.005,0.0,-0.013431425190238743,0.0032165689485608756,0.0
-0.02,0.005,0.0,-0.012607683279398917,0.003254320074238161,4.0460022763307453e-20
-0.0183333333333,0.005,0.0,-0.011741855875789024,0.0032902513741969092,1.2947207284258385e-18
-0.0166666666667,0.005,0.0,-0.010834490709936102,0.003324119393094707,0.0
-0.015,0.005,0.0,-0.00988666296531109,0.0033556805025668265,0.0
-0.0133333333333,0.005,0.0,-0.008900016744472529,0.003384694849035448,-1.6184009105322981e-19
-0.0116666666667,0.005,0.0,-0.007876793535877405,0.0034109306526085383,0.0
-0.01,0.005,0.0,-0.006819844296456797,0.003434168740307807,-1.2947207284258385e-18
-0.00833333333333,0.005,0.0,-0.005732622253261035,0.0034542071679943874,0.0
-0.00666666666667,0.005,0.0,-0.004619154350088069,0.0034708657620314987,0.0
-0.005,0.005,0.0,-0.003483990396762817,0.0034839903967628172,-1.2947207284258385e-18
-0.00333333333333,0.005,0.0,-0.002332130349229971,0.0034934568200104443,1.2947207284258385e-18
-0.00166666666667,0.005,0.0,-0.0011689316455430912,0.003499173847578969,1.2947207284258385e-18
4.33680868994e-19,0.005,0.0,1.7311870212881306e-19,0.0035010857697988264,-1.2947207284258385e-18
0.00166666666667,0.005,0.0,0.0011689316455430914,0.003499173847578969,1.2947207284258385e-18
0.00333333333333,0.005,0.0,0.002332130349229971,0.0034934568200104443,1.2947207284258385e-18
0.005,0.005,0.0,0.0034839903967628172,0.0034839903967628172,-1.2947207284258385e-18
0.00666666666667,0.005,0.0,0.004619154350088069,0.0034708657620314987,0.0
0.00833333333333,0.005,0.0,0.005732622253261035,0.0034542071679943883,0.0
0.01,0.005,0.0,0.006819844296456797,0.003434168740307807,-1.2947207284258385e-18
0.0116666666667,0.005,0.0,0.007876793535877405,0.0034109306526085383,0.0
0.0133333333333,0.005,0.0,0.008900016744472529,0.003384694849035448,-1.6184009105322981e-19
0.015,0.005,0.0,0.00988666296531109,0.0033556805025668273,0.0
0.0166666666667,0.005,0.0,0.010834490709936102,0.003324119393094707,0.0
0.0183333333333,0.005,0.0,0.011741855875789024,0.0032902513741969092,1.2947207284258385e-18
0.02,0.005,0.0,0.012607683279398917,0.003254320074238161,4.0460022763307453e-20
0.0216666666667,0.005,0.0,0.013431425190238743,0.0032165689485608743,0.0
0.0233333333333,0.005,0.0,0.01421301042164273,0.003177237768039541,1.2947207284258385e-18
0.025,0.005,0.0,0.014952787434308768,0.003136559598034035,-1.6184009105322981e-19
0.0266666666667,0.005,0.0,0.015651464596216642,0.003094758292769925,-1.2947207284258385e-18
0.0283333333333,0.005,0.0,0.016310050294163204,0.003052046504915693,0.0
0.03,0.005,0.0,0.016929795071178536,0.0030086241896997335,0.0
0.0316666666667,0.005,0.0,0.017512137423507802,0.002964677567457663,0.0
0.0333333333333,0.005,0.0,0.018058654381237816,0.0029203784978634392,0.0
0.035,0.005,0.0,0.01857101754446492,0.0028758842130187333,0.0
0.0366666666667,0.005,0.0,0.019050954862366257,0.002831337354192287,6.473603642129193e-19
0.0383333333333,0.005,0.0,0.01950021814242495,0.0027868662575214606,-1.2947207284258385e-18
0.04,0.005,0.0,0.019920556054805166,0.0027425854368966236,0.0
0.0416666666667,0.005,0.0,0.01006185564821486,0.002698596216600234,-1.2947207284258385e-18
-0.0416666666667,0.00666666666667,0.0,-0.010043377092850721,0.003585935017121613,0.0
-0.04,0.00666666666667,0.0,-0.0198831290199916,0.003643983001546533,0.0
-0.0383333333333,0.00666666666667,0.0,-0.019461881330503736,0.0037023960276968203,-1.2947207284258385e-18
-0.0366666666667,0.00666666666667,0.0,-0.019011777277802476,0.0037610397980248895,0.0
-0.035,0.00666666666667,0.0,-0.018531086963398082,0.0038197628069732846,-1.2947207284258385e-18
-0.0333333333333,0.00666666666667,0.0,-0.018018079426138412,0.003878395547338521,0.0
-0.0316666666667,0.00666666666667,0.0,-0.017471049554674354,0.003936749915750488,0.0
-0.03,0.00666666666667,0.0,-0.01688835039567704,0.003994618878435692,-6.473603642129193e-19
-0.0283333333333,0.00666666666667,0.0,-0.016268431072151698,0.004051776463766338,1.2947207284258385e-18
-0.0266666666667,0.00666666666667,0.0,-0.015609880305231605,0.004107978151502012,1.2947207284258385e-18
-0.025,0.00666666666667,0.0,-0.01491147523625674,0.004162961728936721,0.0
-0.0233333333333,0.00666666666667,0.0,-0.014172234867743726,0.0042164486806913915,0.0
-0.0216666666667,0.00666666666667,0.0,-0.013391476999125837,0.004268146170698913,0.0
-0.02,0.00666666666667,0.0,-0.012568877036274314,0.004317749660901864,-3.2368018210645963e-19
-0.0183333333333,0.00666666666667,0.0,-0.01170452652898154,0.004364946191072379,-1.2947207284258385e-18
-0.0166666666667,0.00666666666667,0.0,-0.010798988787489448,0.004409418317790082,-1.2947207284258385e-18
-0.015,0.00666666666667,0.0,-0.009853348498983595,0.0044508486782106026,0.0
-0.0133333333333,0.00666666666667,0.0,-0.008869251970250135,0.0044889251072512855,6.473603642129193e-19
-0.0116666666667,0.00666666666667,0.0,-0.007848934534608557,0.004523346197145798,0.0
-0.01,0.00666666666667,0.0,-0.006795231838533378,0.004553827148524712,0.0
-0.00833333333333,0.00666666666667,0.0,-0.005711572207856665,0.0045801057258670844,0.0
-0.00666666666667,0.00666666666667,0.0,-0.00460194810102812,0.004601948101028122,-1.2947207284258385e-18
-0.005,0.00666666666667,0.0,-0.0034708657620314987,0.004619154350088069,0.0
-0.00333333333333,0.00666666666667,0.0,-0.0023232735192320123,0.004631563364380141,2.589441456851677e-18
-0.00166666666667,0.00666666666667,0.0,-0.0011644706296768384,0.004639056948155705,-2.589441456851677e-18
4.33680868994e-19,0.00666666666667,0.0,1.7069387848113028e-19,0.004641562903647059,0.0
0.00166666666667,0.00666666666667,0.0,0.0011644706296768384,0.004639056948155705,-2.589441456851677e-18
0.00333333333333,0.00666666666667,0.0,0.0023232735192320123,0.004631563364380141,2.589441456851677e-18
0.005,0.00666666666667,0.0,0.0034708657620314987,0.004619154350088069,0.0
0.00666666666667,0.00666666666667,0.0,0.004601948101028122,0.004601948101028122,-1.2947207284258385e-18
0.00833333333333,0.00666666666667,0.0,0.005711572207856665,0.004580105725867084,1.2947207284258385e-18
0.01,0.00666666666667,0.0,0.006795231838533378,0.004553827148524712,0.0
0.0116666666667,0.00666666666667,0.0,0.007848934534608557,0.004523346197145798,0.0
0.0133333333333,0.00666666666667,0.0,0.008869251970250135,0.0044889251072512855,6.473603642129193e-19
0.015,0.00666666666667,0.0,0.009853348498983595,0.004450848678210604,0.0
0.0166666666667,0.00666666666667,0.0,0.010798988787489448,0.004409418317790082,-1.2947207284258385e-18
0.0183333333333,0.00666666666667,0.0,0.01170452652898154,0.004364946191072379,-1.2947207284258385e-18
0.02,0.00666666666667,0.0,0.012568877036274314,0.0043177496609018646,0.0
0.0216666666667,0.00666666666667,0.0,0.013391476999125834,0.004268146170698913,1.2947207284258385e-18
0.0233333333333,0.00666666666667,0.0,0.014172234867743726,0.0042164486806913915,0.0
0.025,0.00666666666667,0.0,0.01491147523625674,0.004162961728936721,0.0
0.0266666666667,0.00666666666667,0.0,0.0156098803052316,0.004107978151502011,0.0
0.0283333333333,0.00666666666667,0.0,0.016268431072151698,0.004051776463766336,1.2947207284258385e-18
0.03,0.00666666666667,0.0,0.01688835039567704,0.003994618878435693,-6.473603642129193e-19
0.0316666666667,0.00666666666667,0.0,0.01747104955467435,0.003936749915750489,0.0
0.0333333333333,0.00666666666667,0.0,0.018018079426138412,0.003878395547338521,0.0
0.035,0.00666666666667,0.0,0.018531086963398082,0.0038197628069732807,-1.2947207284258385e-18
0.0366666666667,0.00666666666667,0.0,0.019011777277802476,0.0037610397980248895,0.0
0.0383333333333,0.00666666666667,0.0,0.019461881330503736,0.0037023960276968216,-1.2947207284258385e-18
0.04,0.00666666666667,0.0,0.0198831290199916,0.003643983001546533,0.0
0.0416666666667,0.00666666666667,0.0,0.010043377092850721,0.003585935017121613,0.0
-0.0416666666667,0.00833333333333,0.0,-0.010019759975102587,0.004463028617023823,-1.2947207284258385e-18
-0.04,0.00833333333333,0.0,-0.01983530194659364,0.004534634636103559,-3.2368018210645963e-19
-0.0383333333333,0.00833333333333,0.0,-0.019412907658761552,0.004606660029493286,-1.2947207284258385e-18
-0.0366666666667,0.00833333333333,0.0,-0.01896174644278692,0.004678938245113519,-1.6184009105322981e-19
-0.035,0.00833333333333,0.0,-0.018480112271652978,0.004751281814335064,-1.2947207284258385e-18
-0.0333333333333,0.00833333333333,0.0,-0.01796630064917087,0.0048234814364496335,-3.2368018210645963e-19
-0.0316666666667,0.00833333333333,0.0,-0.0174186354083223,0.004895305310813798,0.0
-0.03,0.00833333333333,0.0,-0.016835500779584445,0.0049664987899099055,0.0
-0.0283333333333,0.00833333333333,0.0,-0.016215378918089503,0.005036784432515624,-6.473603642129193e-19
-0.0266666666667,0.00833333333333,0.0,-0.015556892859303888,0.005105862539734413,1.2947207284258385e-18
-0.025,0.00833333333333,0.0,-0.014858854580935546,0.005173412256437785,6.473603642129193e-19
-0.0233333333333,0.00833333333333,0.0,-0.014120317478674005,0.005239093315929346,0.0
-0.0216666666667,0.00833333333333,0.0,-0.013340632132568706,0.00530254849527997,1.2947207284258385e-18
-0.02,0.00833333333333,0.0,-0.012519503759938932,0.005363406831543935,6.473603642129193e-19
-0.0183333333333,0.00833333333333,0.0,-0.011657049245481133,0.005421287624699486,3.2368018210645963e-19
-0.0166666666667,0.00833333333333,0.0,-0.010753851158214436,0.005475805221555231,0.0
-0.015,0.00833333333333,0.0,-0.009811005757452886,0.005526574536317349,1.2947207284258385e-18
-0.0133333333333,0.00833333333333,0.0,-0.008830161715990093,0.005573217219804275,1.2947207284258385e-18
-0.0116666666667,0.00833333333333,0.0,-0.007813546216020506,0.005615368342719705,1.6184009105322981e-19
-0.01,0.00833333333333,0.0,-0.006763975257329991,0.005652683411940273,6.473603642129193e-19
-0.00833333333333,0.00833333333333,0.0,-0.0056848454966746485,0.00568484549667465,-1.2947207284258385e-18
-0.00666666666667,0.00833333333333,0.0,-0.004580105725867084,0.005711572207856665,1.2947207284258385e-18
-0.005,0.00833333333333,0.0,-0.0034542071679943883,0.005732622253261035,0.0
-0.00333333333333,0.00833333333333,0.0,-0.0023120330592502915,0.005747801286487886,2.589441456851677e-18
-0.00166666666667,0.00833333333333,0.0,-0.001158809383218211,0.005756966782246574,1.2947207284258385e-18
4.33680868994e-19,0.00833333333333,0.0,1.7533994286415713e-19,0.005760031704058924,1.2947207284258385e-18
0.00166666666667,0.00833333333333,0.0,0.001158809383218211,0.005756966782246574,1.2947207284258385e-18
0.00333333333333,0.00833333333333,0.0,0.0023120330592502915,0.005747801286487886,2.589441456851677e-18
0.005,0.00833333333333,0.0,0.0034542071679943883,0.005732622253261035,0.0
0.00666666666667,0.00833333333333,0.0,0.004580105725867084,0.005711572207856665,1.2947207284258385e-18
0.00833333333333,0.00833333333333,0.0,0.0056848454966746485,0.005684845496674648,-1.2947207284258385e-18
0.01,0.00833333333333,0.0,0.006763975257329991,0.005652683411940273,6.473603642129193e-19
0.0116666666667,0.00833333333333,0.0,0.007813546216020506,0.005615368342719705,1.6184009105322981e-19
0.0133333333333,0.00833333333333,0.0,0.008830161715990097,0.005573217219804276,1.2947207284258385e-18
0.015,0.00833333333333,0.0,0.009811005757452886,0.005526574536317349,0.0
0.0166666666667,0.00833333333333,0.0,0.010753851158214435,0.005475805221555231,0.0
0.0183333333333,0.00833333333333,0.0,0.011657049245481133,0.005421287624699486,3.2368018210645963e-19
0.02,0.00833333333333,0.0,0.012519503759938932,0.005363406831543935,6.473603642129193e-19
0.0216666666667,0.00833333333333,0.0,0.0133406321325687,0.005302548495279971,1.2947207284258385e-18
0.0233333333333,0.00833333333333,0.0,0.014120317478674005,0.005239093315929346,0.0
0.025,0.00833333333333,0.0,0.014858854580935546,0.005173412256437784,6.473603642129193e-19
0.0266666666667,0.00833333333333,0.0,0.015556892859303888,0.005105862539734412,1.2947207284258385e-18
0.0283333333333,0.00833333333333,0.0,0.016215378918089503,0.005036784432515624,0.0
0.03,0.00833333333333,0.0,0.016835500779584445,0.0049664987899099055,0.0
0.0316666666667,0.00833333333333,0.0,0.0174186354083223,0.0048953053108137965,0.0
0.0333333333333,0.00833333333333,0.0,0.01796630064917087,0.004823481436449635,-3.2368018210645963e-19
0.035,0.00833333333333,0.0,0.018480112271652978,0.004751281814335064,-1.2947207284258385e-18
0.0366666666667,0.00833333333333,0.0,0.01896174644278692,0.004678938245113519,-1.6184009105322981e-19
0.0383333333333,0.00833333333333,0.0,0.019412907658761552,0.004606660029493286,-1.2947207284258385e-18
0.04,0.00833333333333,0.0,0.01983530194659364,0.004534634636103559,-3.2368018210645963e-19
0.0416666666667,0.00833333333333,0.0,0.010019759975102587,0.004463028617023823,-1.2947207284258385e-18
-0.0416666666667,0.01,0.0,-0.009991107888250956,0.005327566432127931,0.0
-0.04,0.01,0.0,-0.019777290195328357,0.005412125306015815,-8.092004552661491e-20
-0.0383333333333,0.01,0.0,-0.019353529112033044,0.005497135481638412,0.0
-0.0366666666667,0.01,0.0,-0.018901111432580175,0.005582399084373047,0.0
-0.035,0.01,0.0,-0.01841835990576024,0.0056676939845857165,0.0
-0.0333333333333,0.01,0.0,-0.01790360187115691,0.005752772804834726,1.2947207284258385e-18
-0.0316666666667,0.01,0.0,-0.017355195907712673,0.00583736222196661,0.0
-0.03,0.01,0.0,-0.01677156360165816,0.005921162647455549,1.2947207284258385e-18
-0.0283333333333,0.01,0.0,-0.01615122659306592,0.006003848375501512,0.0
-0.0266666666667,0.01,0.0,-0.015492848843506164,0.006085068291757462,1.2947207284258385e-18
-0.025,0.01,0.0,-0.014795283781001674,0.006164447234539954,0.0
-0.0233333333333,0.01,0.0,-0.014057625618166902,0.006241588094195557,-3.2368018210645963e-19
-0.0216666666667,0.01,0.0,-0.013279263722856885,0.006316074723761637,0.0
-0.02,0.01,0.0,-0.012459938458608369,0.00638747571383501,0.0
-0.0183333333333,0.01,0.0,-0.011599796429924477,0.006455349056457147,3.2368018210645963e-19
-0.0166666666667,0.01,0.0,-0.010699442612144052,0.0065192476868223435,6.473603642129193e-19
-0.015,0.01,0.0,-0.009759986464452735,0.006578725848096369,1.2947207284258385e-18
-0.0133333333333,0.01,0.0,-0.008783078874319153,0.006633346175690874,-1.2947207284258385e-18
-0.0116666666667,0.01,0.0,-0.007770936726377333,0.006682687345573726,-6.473603642129193e-19
-0.01,0.01,0.0,-0.006726352079921393,0.006726352079921393,0.0
-0.00833333333333,0.01,0.0,-0.005652683411940273,0.006763975257329991,6.473603642129193e-19
-0.00666666666667,0.01,0.0,-0.004553827148524712,0.006795231838533378,0.0
-0.005,0.01,0.0,-0.0034341687403078086,0.006819844296456797,-1.2947207284258385e-18
-0.00333333333333,0.01,0.0,-0.0022985137724084717,0.006837589235676257,0.0
-0.00166666666667,0.01,0.0,-0.0011520009360958035,0.006848302903141763,0.0
4.33680868994e-19,0.01,0.0,1.368373163791226e-19,0.006851885330117527,0.0
0.00166666666667,0.01,0.0,0.0011520009360958038,0.006848302903141763,0.0
0.00333333333333,0.01,0.0,0.0022985137724084725,0.006837589235676257,0.0
0.005,0.01,0.0,0.0034341687403078086,0.006819844296456797,-1.2947207284258385e-18
0.00666666666667,0.01,0.0,0.004553827148524713,0.006795231838533378,0.0
0.00833333333333,0.01,0.0,0.005652683411940273,0.006763975257329991,6.473603642129193e-19
0.01,0.01,0.0,0.006726352079921393,0.006726352079921393,8.092004552661491e-20
0.0116666666667,0.01,0.0,0.0077709367263773315,0.006682687345573726,-6.473603642129193e-19
0.0133333333333,0.01,0.0,0.008783078874319153,0.006633346175690873,-1.2947207284258385e-18
0.015,0.01,0.0,0.009759986464452735,0.006578725848096366,1.2947207284258385e-18
0.0166666666667,0.01,0.0,0.010699442612144052,0.006519247686822342,6.473603642129193e-19
0.0183333333333,0.01,0.0,0.011599796429924475,0.006455349056457147,3.2368018210645963e-19
0.02,0.01,0.0,0.012459938458608369,0.00638747571383501,0.0
0.0216666666667,0.01,0.0,0.013279263722856885,0.006316074723761637,0.0
0.0233333333333,0.01,0.0,0.0140576256181669,0.006241588094195557,-3.2368018210645963e-19
0.025,0.01,0.0,0.014795283781001674,0.006164447234539954,-1.2947207284258385e-18
0.0266666666667,0.01,0.0,0.015492848843506168,0.006085068291757462,1.2947207284258385e-18
0.0283333333333,0.01,0.0,0.01615122659306592,0.006003848375501512,0.0
0.03,0.01,0.0,0.01677156360165816,0.005921162647455549,1.2947207284258385e-18
0.0316666666667,0.01,0.0,0.017355195907712673,0.00583736222196661,0.0
0.0333333333333,0.01,0.0,0.01790360187115691,0.005752772804834726,6.473603642129193e-19
0.035,0.01,0.0,0.01841835990576024,0.0056676939845857165,0.0
0.0366666666667,0.01,0.0,0.018901111432580175,0.005582399084373047,0.0
0.0383333333333,0.01,0.0,0.019353529112033044,0.005497135481638412,0.0
0.04,0.01,0.0,0.019777290195328357,0.005412125306015815,-8.092004552661491e-20
0.0416666666667,0.01,0.0,0.009991107888250956,0.005327566432127931,0.0
-0.0416666666667,0.0116666666667,0.0,-0.009957545077822504,0.006177394518690901,0.0
-0.04,0.0116666666667,0.0,-0.01970935188594687,0.006274209206887434,6.473603642129193e-19
-0.0383333333333,0.0116666666667,0.0,-0.01928402336800812,0.006371482280234284,0.0
-0.0366666666667,0.0116666666667,0.0,-0.018830169980308488,0.006468985700632863,1.2947207284258385e-18
-0.035,0.0116666666667,0.0,-0.018346147915681624,0.006566464256177791,0.0
-0.0333333333333,0.0116666666667,0.0,-0.017830321423484043,0.006663634538882696,0.0
-0.0316666666667,0.0116666666667,0.0,-0.017281089267719724,0.00676018426248468,0.0
-0.03,0.0116666666667,0.0,-0.016696916130911416,0.00685577201160291,-1.2947207284258385e-18
-0.0283333333333,0.0116666666667,0.0,-0.01607636909012285,0.00695002751949708,-6.473603642129193e-19
-0.0266666666667,0.0116666666667,0.0,-0.015418159077808616,0.007042552574458269,1.2947207284258385e-18
-0.025,0.0116666666667,0.0,-0.014721186960699838,0.007132922652758251,1.2947207284258385e-18
-0.0233333333333,0.0116666666667,0.0,-0.013984593521026698,0.007220689368313681,0.0
-0.0216666666667,0.0116666666667,0.0,-0.013207812224164764,0.007305383814568037,0.0
-0.02,0.0116666666667,0.0,-0.012390623216168939,0.007386520851180718,1.2947207284258385e-18
-0.0183333333333,0.0116666666667,0.0,-0.01153320653830598,0.0074636043568793685,0.0
-0.0166666666667,0.0116666666667,0.0,-0.010636192119074512,0.007536133430342275,0.0
-0.015,0.0116666666667,0.0,-0.009700703752063123,0.007603609473763585,0.0
-0.0133333333333,0.0116666666667,0.0,-0.008728394043678703,0.007665544041142861,1.2947207284258385e-18
-0.0116666666667,0.0116666666667,0.0,-0.007721467278168461,0.007721467278168459,-1.2947207284258385e-18
-0.01,0.0116666666667,0.0,-0.006682687345573728,0.007770936726377333,0.0
-0.00833333333333,0.0116666666667,0.0,-0.005615368342719705,0.007813546216020506,1.6184009105322981e-19
-0.00666666666667,0.0116666666667,0.0,-0.004523346197145798,0.007848934534608557,0.0
-0.005,0.0116666666667,0.0,-0.0034109306526085383,0.007876793535877405,0.0
-0.00333333333333,0.0116666666667,0.0,-0.0022828381300231625,0.007896875351241641,1.2947207284258385e-18
-0.00166666666667,0.0116666666667,0.0,-0.0011441072447819908,0.007908998384841676,0.0
4.33680868994e-19,0.0116666666667,0.0,1.7793998700659945e-19,0.007913051814729904,0.0
0.00166666666667,0.0116666666667,0.0,0.0011441072447819908,0.007908998384841676,0.0
0.00333333333333,0.0116666666667,0.0,0.0022828381300231625,0.007896875351241641,1.2947207284258385e-18
0.005,0.0116666666667,0.0,0.0034109306526085383,0.007876793535877405,0.0
0.00666666666667,0.0116666666667,0.0,0.004523346197145798,0.007848934534608557,0.0
0.00833333333333,0.0116666666667,0.0,0.005615368342719705,0.007813546216020506,1.6184009105322981e-19
0.01,0.0116666666667,0.0,0.006682687345573728,0.007770936726377334,0.0
0.0116666666667,0.0116666666667,0.0,0.007721467278168461,0.007721467278168459,-1.2947207284258385e-18
0.0133333333333,0.0116666666667,0.0,0.008728394043678705,0.007665544041142858,1.2947207284258385e-18
0.015,0.0116666666667,0.0,0.009700703752063122,0.007603609473763584,0.0
0.0166666666667,0.0116666666667,0.0,0.010636192119074508,0.007536133430342275,1.6184009105322981e-19
0.0183333333333,0.0116666666667,0.0,0.01153320653830598,0.007463604356879371,0.0
0.02,0.0116666666667,0.0,0.012390623216168935,0.007386520851180718,1.2947207284258385e-18
0.0216666666667,0.0116666666667,0.0,0.013207812224164764,0.007305383814568037,0.0
0.0233333333333,0.0116666666667,0.0,0.013984593521026698,0.007220689368313681,0.0
0.025,0.0116666666667,0.0,0.014721186960699835,0.00713292265275825,1.2947207284258385e-18
0.0266666666667,0.0116666666667,0.0,0.015418159077808616,0.007042552574458269,1.2947207284258385e-18
0.0283333333333,0.0116666666667,0.0,0.01607636909012285,0.00695002751949708,-6.473603642129193e-19
0.03,0.0116666666667,0.0,0.016696916130911416,0.00685577201160291,-1.2947207284258385e-18
0.0316666666667,0.0116666666667,0.0,0.017281089267719724,0.006760184262484679,0.0
0.0333333333333,0.0116666666667,0.0,0.017830321423484046,0.006663634538882696,0.0
0.035,0.0116666666667,0.0,0.018346147915681628,0.006566464256177791,0.0
0.0366666666667,0.0116666666667,0.0,0.018830169980308488,0.006468985700632862,1.2947207284258385e-18
0.0383333333333,0.0116666666667,0.0,0.01928402336800812,0.006371482280234282,0.0
0.04,0.0116666666667,0.0,0.01970935188594687,0.006274209206887434,6.473603642129193e-19
0.0416666666667,0.0116666666667,0.0,0.009957545077822505,0.006177394518690901,0.0
-0.0416666666667,0.0133333333333,0.0,-0.009919215087698986,0.007010537067832049,0.0
-0.04,0.0133333333333,0.0,-0.01963178499136287,0.007118832647415451,0.0
-0.0383333333333,0.0133333333333,0.0,-0.019204710476597813,0.007227567326262774,0.0
-0.0366666666667,0.0133333333333,0.0,-0.01874926470506741,0.007336484298467897,1.2947207284258385e-18
-0.035,0.0133333333333,0.0,-0.018263841707282923,0.007445297122905847,0.0
-0.0333333333333,0.0133333333333,0.0,-0.01774684737447824,0.00755368871999871,1.2947207284258385e-18
-0.0316666666667,0.0133333333333,0.0,-0.01719672568065496,0.007661310750912119,6.473603642129193e-19
-0.03,0.0133333333333,0.0,-0.016611989655912682,0.007767783476058885,1.2947207284258385e-18
-0.0283333333333,0.0133333333333,0.0,-0.015991257202253216,0.007872696195180714,0.0
-0.0266666666667,0.0133333333333,0.0,-0.015333291633114324,0.007975608373162928,-3.2368018210645963e-19
-0.025,0.0133333333333,0.0,-0.014637046546345733,0.00807605155231209,-1.2947207284258385e-18
-0.0233333333333,0.0133333333333,0.0,-0.013901714304344682,0.008173532142380358,0.0
-0.0216666666667,0.0133333333333,0.0,-0.01312677701306277,0.008267535162971035,1.6184009105322981e-19
-0.02,0.0133333333333,0.0,-0.012312058474539965,0.008357528987730267,-1.2947207284258385e-18
-0.0183333333333,0.0133333333333,0.0,-0.01145777515946433,0.008442971106033276,0.0
-0.0166666666667,0.0133333333333,0.0,-0.010564583850584246,0.008523314875893433,6.473603642129193e-19
-0.015,0.0133333333333,0.0,-0.00963362328667243,0.008598017192212292,0.0
-0.0133333333333,0.0133333333333,0.0,-0.008666546939785379,0.008666546939785379,0.0
-0.0116666666667,0.0133333333333,0.0,-0.007665544041142859,0.008728394043678705,1.2947207284258385e-18
-0.01,0.0133333333333,0.0,-0.006633346175690873,0.008783078874319155,-1.2947207284258385e-18
-0.00833333333333,0.0133333333333,0.0,-0.005573217219804274,0.008830161715990093,1.2947207284258385e-18
-0.00666666666667,0.0133333333333,0.0,-0.0044889251072512855,0.008869251970250135,6.473603642129193e-19
-0.005,0.0133333333333,0.0,-0.003384694849035448,0.008900016744472529,-1.6184009105322981e-19
-0.00333333333333,0.0133333333333,0.0,-0.0022651433434407574,0.008922188474525224,0.0
-0.00166666666667,0.0133333333333,0.0,-0.0011351977046812393,0.008935571251581065,0.0
4.33680868994e-19,0.0133333333333,0.0,1.6557978186203298e-19,0.008940045566726621,-3.2368018210645963e-19
0.00166666666667,0.0133333333333,0.0,0.0011351977046812393,0.008935571251581065,0.0
0.00333333333333,0.0133333333333,0.0,0.0022651433434407574,0.008922188474525224,0.0
0.005,0.0133333333333,0.0,0.003384694849035448,0.008900016744472529,-1.6184009105322981e-19
0.00666666666667,0.0133333333333,0.0,0.0044889251072512855,0.008869251970250135,6.473603642129193e-19
0.00833333333333,0.0133333333333,0.0,0.005573217219804275,0.008830161715990093,1.2947207284258385e-18
0.01,0.0133333333333,0.0,0.006633346175690874,0.008783078874319157,-1.2947207284258385e-18
0.0116666666667,0.0133333333333,0.0,0.007665544041142861,0.008728394043678705,1.2947207284258385e-18
0.0133333333333,0.0133333333333,0.0,0.008666546939785379,0.008666546939785379,0.0
0.015,0.0133333333333,0.0,0.00963362328667243,0.00859801719221229,0.0
0.0166666666667,0.0133333333333,0.0,0.010564583850584248,0.008523314875893431,0.0
0.0183333333333,0.0133333333333,0.0,0.011457775159464327,0.008442971106033275,0.0
0.02,0.0133333333333,0.0,0.012312058474539965,0.008357528987730267,-1.2947207284258385e-18
0.0216666666667,0.0133333333333,0.0,0.01312677701306277,0.008267535162971035,1.6184009105322981e-19
0.0233333333333,0.0133333333333,0.0,0.013901714304344682,0.008173532142380358,0.0
0.025,0.0133333333333,0.0,0.014637046546345733,0.00807605155231209,-1.2947207284258385e-18
0.0266666666667,0.0133333333333,0.0,0.015333291633114324,0.007975608373162928,-3.2368018210645963e-19
0.0283333333333,0.0133333333333,0.0,0.015991257202253216,0.007872696195180714,0.0
0.03,0.0133333333333,0.0,0.016611989655912682,0.007767783476058885,1.2947207284258385e-18
0.0316666666667,0.0133333333333,0.0,0.01719672568065496,0.007661310750912117,6.473603642129193e-19
0.0333333333333,0.0133333333333,0.0,0.017746847374478243,0.00755368871999871,1.2947207284258385e-18
0.035,0.0133333333333,0.0,0.018263841707282923,0.007445297122905847,0.0
0.0366666666667,0.0133333333333,0.0,0.018749264705067405,0.007336484298467898,0.0
0.0383333333333,0.0133333333333,0.0,0.01920471047659781,0.007227567326262774,6.473603642129193e-19
0.04,0.0133333333333,0.0,0.01963178499136287,0.007118832647415451,0.0
0.0416666666667,0.0133333333333,0.0,0.009919215087698986,0.007010537067832049,0.0
-0.0416666666667,0.015,0.0,-0.009876279219678897,0.007825213328465808,0.0
-0.04,0.015,0.0,-0.019544924038788086,0.007944151863462078,0.0
-0.0383333333333,0.015,0.0,-0.019115949105843515,0.00806348324008894,-4.0460022763307453e-20
-0.0366666666667,0.015,0.0,-0.018658778865071446,0.008182923519902827,0.0
-0.035,0.015,0.0,-0.01817184926800627,0.00830215715026764,-6.473603642129193e-19
-0.0333333333333,0.015,0.0,-0.01765361219762309,0.00842083602706868,0.0
-0.0316666666667,0.015,0.0,-0.017102561404061547,0.00853857897851533,1.2947207284258385e-18
-0.03,0.015,0.0,-0.016517262978769723,0.008654971770129043,-6.473603642129193e-19
-0.0283333333333,0.015,0.0,-0.015896390421608963,0.008769567735514813,0.0
-0.0266666666667,0.015,0.0,-0.015238764150121223,0.008881889138200831,0.0
-0.025,0.015,0.0,-0.014543395037633126,0.008991429364939177,0.0
-0.0233333333333,0.015,0.0,-0.013809531245153323,0.009097656039720193,0.0
-0.0216666666667,0.015,0.0,-0.013036707249807739,0.009200015129303235,0.0
-0.02,0.015,0.0,-0.01222479358079427,0.00929793608396249,0.0
-0.0183333333333,0.015,0.0,-0.011374045375589661,0.009390838021703306,-1.2947207284258385e-18
-0.0166666666667,0.015,0.0,-0.010485147505953677,0.009478136920743181,0.0
-0.015,0.015,0.0,-0.009559253734327065,0.009559253734327063,0.0
-0.0133333333333,0.015,0.0,-0.008598017192212292,0.009633623286672433,0.0
-0.0116666666667,0.015,0.0,-0.007603609473763585,0.009700703752063122,0.0
-0.01,0.015,0.0,-0.006578725848096369,0.009759986464452733,1.2947207284258385e-18
-0.00833333333333,0.015,0.0,-0.005526574536317349,0.009811005757452886,1.2947207284258385e-18
-0.00666666666667,0.015,0.0,-0.004450848678210603,0.009853348498983595,0.0
-0.005,0.015,0.0,-0.0033556805025668265,0.009886662965311087,0.0
-0.00333333333333,0.015,0.0,-0.002245578257788444,0.00991066669979712,-6.473603642129193e-19
-0.00166666666667,0.015,0.0,-0.001125347572894611,0.009925153024198757,-1.2947207284258385e-18
4.33680868994e-19,0.015,0.0,1.6782735277044288e-19,0.009929995915209551,0.0
0.00166666666667,0.015,0.0,0.0011253475728946112,0.009925153024198757,-1.2947207284258385e-18
0.00333333333333,0.015,0.0,0.002245578257788444,0.00991066669979712,-6.473603642129193e-19
0.005,0.015,0.0,0.0033556805025668265,0.009886662965311087,0.0
0.00666666666667,0.015,0.0,0.0044508486782106026,0.009853348498983595,0.0
0.00833333333333,0.015,0.0,0.005526574536317348,0.009811005757452886,1.2947207284258385e-18
0.01,0.015,0.0,0.006578725848096368,0.009759986464452735,1.2947207284258385e-18
0.0116666666667,0.015,0.0,0.007603609473763582,0.009700703752063122,0.0
0.0133333333333,0.015,0.0,0.008598017192212289,0.009633623286672433,0.0
0.015,0.015,0.0,0.009559253734327063,0.009559253734327065,0.0
0.0166666666667,0.015,0.0,0.010485147505953678,0.009478136920743185,0.0
0.0183333333333,0.015,0.0,0.011374045375589663,0.009390838021703301,1.2947207284258385e-18
0.02,0.015,0.0,0.01222479358079427,0.00929793608396249,0.0
0.0216666666667,0.015,0.0,0.013036707249807739,0.009200015129303235,-6.473603642129193e-19
0.0233333333333,0.015,0.0,0.013809531245153323,0.00909765603972019,0.0
0.025,0.015,0.0,0.01454339503763313,0.008991429364939177,0.0
0.0266666666667,0.015,0.0,0.015238764150121223,0.008881889138200831,0.0
0.0283333333333,0.015,0.0,0.015896390421608963,0.008769567735514813,0.0
0.03,0.015,0.0,0.01651726297876972,0.00865497177012904,-6.473603642129193e-19
0.0316666666667,0.015,0.0,0.01710256140406155,0.008538578978515331,0.0
0.0333333333333,0.015,0.0,0.01765361219762309,0.00842083602706868,0.0
0.035,0.015,0.0,0.01817184926800627,0.00830215715026764,0.0
0.0366666666667,0.015,0.0,0.018658778865071446,0.008182923519902827,0.0
0.0383333333333,0.015,0.0,0.019115949105843515,0.00806348324008894,-4.0460022763307453e-20
0.04,0.015,0.0,0.019544924038788086,0.007944151863462078,0.0
0.0416666666667,0.015,0.0,0.009876279219678898,0.007825213328465808,0.0
-0.0416666666667,0.0166666666667,0.0,-0.009828914834486667,0.008619849773771181,0.0
-0.04,0.0166666666667,0.0,-0.019449136480597536,0.008748545578891745,0.0
-0.0383333333333,0.0166666666667,0.0,-0.019018132431548603,0.008877561282259264,0.0
-0.0366666666667,0.0166666666667,0.0,-0.018559131729519247,0.009006587682642387,1.2947207284258385e-18
-0.035,0.0166666666667,0.0,-0.018070615987992287,0.009135282480176993,-1.2947207284258385e-18
-0.0333333333333,0.0166666666667,0.0,-0.017551087014512,0.00926326944823359,6.473603642129193e-19
-0.0316666666667,0.0166666666667,0.0,-0.016999092405936285,0.009390138060462615,0.0
-0.03,0.0166666666667,0.0,-0.016413255453516115,0.009515443674020732,0.0
-0.0283333333333,0.0166666666667,0.0,-0.015792309375191875,0.009638708373285025,0.0
-0.0266666666667,0.0166666666667,0.0,-0.015135135692580567,0.009759422577680466,-1.2947207284258385e-18
-0.025,0.0166666666667,0.0,-0.01444080631764435,0.009877047510781183,0.0
-0.0233333333333,0.0166666666667,0.0,-0.013708628607804165,0.009991018615106938,0.0
-0.0216666666667,0.0166666666667,0.0,-0.012938192307121767,0.010100749977029788,0.0
-0.02,0.0166666666667,0.0,-0.012129416925971026,0.01020563979773857,0.0
-0.0183333333333,0.0166666666667,0.0,-0.011282597744400137,0.010305076909750773,-1.2947207284258385e-18
-0.0166666666667,0.0166666666667,0.0,-0.010398448294505785,0.010398448294505785,0.0
-0.015,0.0166666666667,0.0,-0.009478136920743185,0.010485147505953677,0.0
-0.0133333333333,0.0166666666667,0.0,-0.008523314875893428,0.010564583850584248,6.473603642129193e-19
-0.0116666666667,0.0166666666667,0.0,-0.007536133430342275,0.010636192119074512,0.0
-0.01,0.0166666666667,0.0,-0.006519247686822342,0.01069944261214405,0.0
-0.00833333333333,0.0166666666667,0.0,-0.005475805221555231,0.010753851158214435,0.0
-0.00666666666667,0.0166666666667,0.0,-0.004409418317790082,0.010798988787489446,-1.2947207284258385e-18
-0.005,0.0166666666667,0.0,-0.003324119393094707,0.010834490709936102,0.0
-0.00333333333333,0.0166666666667,0.0,-0.002224300194155793,0.010860064247161452,0.0
-0.00166666666667,0.0166666666667,0.0,-0.0011146363658201218,0.010875495391810888,0.0
4.33680868994e-19,0.0166666666667,0.0,1.5955674437743235e-19,0.01088065371313373,-1.2947207284258385e-18
0.00166666666667,0.0166666666667,0.0,0.0011146363658201218,0.010875495391810888,0.0
0.00333333333333,0.0166666666667,0.0,0.0022243001941557932,0.010860064247161452,0.0
0.005,0.0166666666667,0.0,0.003324119393094707,0.0108344907099361,0.0
0.00666666666667,0.0166666666667,0.0,0.004409418317790082,0.010798988787489446,-1.2947207284258385e-18
0.00833333333333,0.0166666666667,0.0,0.005475805221555231,0.010753851158214435,0.0
0.01,0.0166666666667,0.0,0.006519247686822342,0.01069944261214405,0.0
0.0116666666667,0.0166666666667,0.0,0.0075361334303422735,0.010636192119074508,0.0
0.0133333333333,0.0166666666667,0.0,0.00852331487589343,0.010564583850584248,6.473603642129193e-19
0.015,0.0166666666667,0.0,0.009478136920743183,0.010485147505953677,0.0
0.0166666666667,0.0166666666667,0.0,0.010398448294505784,0.010398448294505787,0.0
0.0183333333333,0.0166666666667,0.0,0.011282597744400137,0.010305076909750775,-1.2947207284258385e-18
0.02,0.0166666666667,0.0,0.012129416925971026,0.01020563979773857,0.0
0.0216666666667,0.0166666666667,0.0,0.012938192307121765,0.010100749977029788,0.0
0.0233333333333,0.0166666666667,0.0,0.013708628607804162,0.009991018615106937,0.0
0.025,0.0166666666667,0.0,0.01444080631764435,0.009877047510781183,0.0
0.0266666666667,0.0166666666667,0.0,0.015135135692580567,0.009759422577680466,-1.2947207284258385e-18
0.0283333333333,0.0166666666667,0.0,0.015792309375191875,0.009638708373285025,0.0
0.03,0.0166666666667,0.0,0.016413255453516115,0.009515443674020732,0.0
0.0316666666667,0.0166666666667,0.0,0.016999092405936285,0.00939013806046262,0.0
0.0333333333333,0.0166666666667,0.0,0.017551087014511996,0.00926326944823359,6.473603642129193e-19
0.035,0.0166666666667,0.0,0.018070615987992287,0.009135282480176993,-1.2947207284258385e-18
0.0366666666667,0.0166666666667,0.0,0.018559131729519247,0.009006587682642387,1.2947207284258385e-18
0.0383333333333,0.0166666666667,0.0,0.019018132431548603,0.008877561282259264,0.0
0.04,0.0166666666667,0.0,0.019449136480597536,0.008748545578891745,0.0
0.0416666666667,0.0166666666667,0.0,0.009828914834486667,0.008619849773771181,0.0
-0.0416666666667,0.0183333333333,0.0,-0.009777313524856153,0.009393087514413213,0.0
-0.04,0.0183333333333,0.0,-0.01934481880302268,0.009530622341392495,6.473603642129193e-19
-0.0383333333333,0.0183333333333,0.0,-0.018911683753356553,0.009668378539575202,0.0
-0.0366666666667,0.0183333333333,0.0,-0.018450773668404363,0.009806023735094479,0.0
-0.035,0.0183333333333,0.0,-0.01796061919425952,0.009943191464904497,-1.2947207284258385e-18
-0.0333333333333,0.0183333333333,0.0,-0.01743977555032166,0.010079480495545842,3.2368018210645963e-19
-0.0316666666667,0.0183333333333,0.0,-0.0168868477269729,0.01021445462582136,1.2947207284258385e-18
-0.03,0.0183333333333,0.0,-0.01630051975163385,0.010347643073083952,0.0
-0.0283333333333,0.0183333333333,0.0,-0.015679588003817597,0.010478541544760397,-3.2368018210645963e-19
-0.0266666666667,0.0183333333333,0.0,-0.015022998366140305,0.010606614094556906,0.0
-0.025,0.0183333333333,0.0,-0.01432988675676741,0.010731295854771963,1.2947207284258385e-18
-0.0233333333333,0.0183333333333,0.0,-0.013599622299043955,0.010851996721945154,-3.2368018210645963e-19
-0.0216666666667,0.0183333333333,0.0,-0.012831852064958332,0.010968106051850798,1.2947207284258385e-18
-0.02,0.0183333333333,0.0,-0.012026545991251176,0.011078998390531423,1.2947207284258385e-18
-0.0183333333333,0.0183333333333,0.0,-0.011184040231335955,0.011184040231335951,0.0
-0.0166666666667,0.0183333333333,0.0,-0.010305076909750776,0.011282597744400139,-6.473603642129193e-19
-0.015,0.0183333333333,0.0,-0.009390838021703306,0.011374045375589663,0.0
-0.0133333333333,0.0183333333333,0.0,-0.008442971106033275,0.011457775159464332,0.0
-0.0116666666667,0.0183333333333,0.0,-0.007463604356879372,0.01153320653830598,0.0
-0.01,0.0183333333333,0.0,-0.006455349056457147,0.011599796429924475,3.2368018210645963e-19
-0.00833333333333,0.0183333333333,0.0,-0.005421287624699487,0.011657049245481133,3.2368018210645963e-19
-0.00666666666667,0.0183333333333,0.0,-0.004364946191072379,0.011704526528981544,-6.473603642129193e-19
-0.005,0.0183333333333,0.0,-0.003290251374196909,0.011741855875789024,1.2947207284258385e-18
-0.00333333333333,0.0183333333333,0.0,-0.0022014718561781227,0.011768738791939353,-1.2947207284258385e-18
-0.00166666666667,0.0183333333333,0.0,-0.0011031462906001105,0.011784957180336562,0.0
4.33680868994e-19,0.0183333333333,0.0,1.3671419871527684e-19,0.01179037818418535,1.2947207284258385e-18
0.00166666666667,0.0183333333333,0.0,0.0011031462906001105,0.011784957180336562,0.0
0.00333333333333,0.0183333333333,0.0,0.002201471856178122,0.011768738791939353,-1.2947207284258385e-18
0.005,0.0183333333333,0.0,0.003290251374196909,0.011741855875789024,0.0
0.00666666666667,0.0183333333333,0.0,0.004364946191072379,0.011704526528981544,-6.473603642129193e-19
0.00833333333333,0.0183333333333,0.0,0.005421287624699487,0.011657049245481133,3.2368018210645963e-19
0.01,0.0183333333333,0.0,0.006455349056457147,0.011599796429924475,3.2368018210645963e-19
0.0116666666667,0.0183333333333,0.0,0.007463604356879371,0.01153320653830598,0.0
0.0133333333333,0.0183333333333,0.0,0.008442971106033276,0.01145777515946433,1.2947207284258385e-18
0.015,0.0183333333333,0.0,0.009390838021703306,0.01137404537558966,0.0
0.0166666666667,0.0183333333333,0.0,0.010305076909750775,0.011282597744400137,-6.473603642129193e-19
0.0183333333333,0.0183333333333,0.0,0.011184040231335951,0.011184040231335951,0.0
0.02,0.0183333333333,0.0,0.012026545991251176,0.011078998390531423,1.2947207284258385e-18
0.0216666666667,0.0183333333333,0.0,0.012831852064958332,0.010968106051850798,1.2947207284258385e-18
0.0233333333333,0.0183333333333,0.0,0.013599622299043955,0.010851996721945154,-3.2368018210645963e-19
0.025,0.0183333333333,0.0,0.01432988675676741,0.010731295854771963,1.2947207284258385e-18
0.0266666666667,0.0183333333333,0.0,0.015022998366140305,0.010606614094556908,0.0
0.0283333333333,0.0183333333333,0.0,0.015679588003817597,0.010478541544760397,-3.2368018210645963e-19
0.03,0.0183333333333,0.0,0.01630051975163385,0.010347643073083952,0.0
0.0316666666667,0.0183333333333,0.0,0.016886847726972902,0.01021445462582136,-1.2947207284258385e-18
0.0333333333333,0.0183333333333,0.0,0.017439775550321657,0.010079480495545842,3.2368018210645963e-19
0.035,0.0183333333333,0.0,0.01796061919425952,0.009943191464904497,-1.2947207284258385e-18
0.0366666666667,0.0183333333333,0.0,0.018450773668404363,0.009806023735094479,0.0
0.0383333333333,0.0183333333333,0.0,0.01891168375335655,0.009668378539575206,0.0
0.04,0.0183333333333,0.0,0.01934481880302268,0.009530622341392495,6.473603642129193e-19
0.0416666666667,0.0183333333333,0.0,0.009777313524856153,0.009393087514413213,0.0
-0.0416666666667,0.02,0.0,-0.009721679193319134,0.010143785132959727,0.0
-0.04,0.02,0.0,-0.019232392444622746,0.010289222853242385,0.0
-0.0383333333333,0.02,0.0,-0.01879705192340731,0.010434759649604232,1.2947207284258385e-18
-0.0366666666667,0.02,0.0,-0.018334181062183992,0.010580042263069309,0.0
-0.035,0.02,0.0,-0.017842362517192702,0.010724682836169223,0.0
-0.0333333333333,0.02,0.0,-0.01732020793981593,0.01086825840956662,0.0
-0.0316666666667,0.02,0.0,-0.016766382717796856,0.011010310925301699,-3.2368018210645963e-19
-0.03,0.02,0.0,-0.0161796345335274,0.011150347833051421,0.0
-0.0283333333333,0.02,0.0,-0.015558825684453421,0.01128784339623083,6.473603642129193e-19
-0.0266666666667,0.02,0.0,-0.014902968924052103,0.01142224079106099,-6.473603642129193e-19
-0.025,0.02,0.0,-0.014211266352197039,0.011552955082239696,-1.2947207284258385e-18
-0.0233333333333,0.02,0.0,-0.013483150611296759,0.011679377143425528,6.473603642129193e-19
-0.0216666666667,0.02,0.0,-0.012718327348164119,0.011800878568689686,6.473603642129193e-19
-0.02,0.02,0.0,-0.011916817591468728,0.01191681759146866,0.0
-0.0183333333333,0.02,0.0,-0.011078998390531423,0.012026545991251176,1.2947207284258385e-18
-0.0166666666667,0.02,0.0,-0.01020563979773857,0.012129416925971026,0.0
-0.015,0.02,0.0,-0.00929793608396249,0.01222479358079427,0.0
-0.0133333333333,0.02,0.0,-0.008357528987730267,0.012312058474539969,0.0
-0.0116666666667,0.02,0.0,-0.00738652085118072,0.012390623216168935,1.2947207284258385e-18
-0.01,0.02,0.0,-0.00638747571383501,0.012459938458608369,0.0
-0.00833333333333,0.02,0.0,-0.005363406831543935,0.012519503759938932,6.473603642129193e-19
-0.00666666666667,0.02,0.0,-0.004317749660901864,0.012568877036274314,-3.2368018210645963e-19
-0.005,0.02,0.0,-0.003254320074238161,0.012607683279398917,4.0460022763307453e-20
-0.00333333333333,0.02,0.0,-0.0021772584007012166,0.012635622218452021,3.2368018210645963e-19
-0.00166666666667,0.02,0.0,-0.0010909607610490458,0.01265247462945654,3.2368018210645963e-19
4.33680868994e-19,0.02,0.0,1.6551713761334163e-19,0.01265810703924338,0.0
0.00166666666667,0.02,0.0,0.0010909607610490462,0.01265247462945654,3.2368018210645963e-19
0.00333333333333,0.02,0.0,0.0021772584007012166,0.012635622218452021,3.2368018210645963e-19
0.005,0.02,0.0,0.003254320074238161,0.012607683279398917,4.0460022763307453e-20
0.00666666666667,0.02,0.0,0.004317749660901864,0.012568877036274314,-3.2368018210645963e-19
0.00833333333333,0.02,0.0,0.005363406831543935,0.012519503759938932,6.473603642129193e-19
0.01,0.02,0.0,0.00638747571383501,0.012459938458608369,0.0
0.0116666666667,0.02,0.0,0.007386520851180718,0.012390623216168935,1.2947207284258385e-18
0.0133333333333,0.02,0.0,0.008357528987730267,0.012312058474539965,-1.2947207284258385e-18
0.015,0.02,0.0,0.00929793608396249,0.01222479358079427,0.0
0.0166666666667,0.02,0.0,0.01020563979773857,0.012129416925971026,0.0
0.0183333333333,0.02,0.0,0.011078998390531423,0.012026545991251176,1.2947207284258385e-18
0.02,0.02,0.0,0.01191681759146873,0.011916817591468658,-1.2947207284258385e-18
0.0216666666667,0.02,0.0,0.012718327348164119,0.011800878568689686,6.473603642129193e-19
0.0233333333333,0.02,0.0,0.013483150611296759,0.011679377143425528,6.473603642129193e-19
0.025,0.02,0.0,0.014211266352197039,0.011552955082239696,-1.2947207284258385e-18
0.0266666666667,0.02,0.0,0.014902968924052103,0.011422240791060993,0.0
0.0283333333333,0.02,0.0,0.015558825684453421,0.01128784339623083,6.473603642129193e-19
0.03,0.02,0.0,0.0161796345335274,0.011150347833051421,0.0
0.0316666666667,0.02,0.0,0.016766382717796856,0.011010310925301695,-3.2368018210645963e-19
0.0333333333333,0.02,0.0,0.017320207939815927,0.010868258409566619,0.0
0.035,0.02,0.0,0.017842362517192702,0.010724682836169223,0.0
0.0366666666667,0.02,0.0,0.018334181062183996,0.01058004226306931,-6.473603642129193e-19
0.0383333333333,0.02,0.0,0.018797051923407315,0.010434759649604235,0.0
0.04,0.02,0.0,0.019232392444622746,0.010289222853242385,0.0
0.0416666666667,0.02,0.0,0.009721679193319134,0.010143785132959727,0.0
-0.0416666666667,0.0216666666667,0.0,-0.009662226068425853,0.0108710172600196,-1.2947207284258385e-18
-0.04,0.0216666666667,0.0,-0.019112299598251392,0.011023417678597118,0.0
-0.0383333333333,0.0216666666667,0.0,-0.018674706674458565,0.011175773515045576,0.0
-0.0366666666667,0.0216666666667,0.0,-0.01820985113261663,0.011327713078986086,-1.2947207284258385e-18
-0.035,0.0216666666667,0.0,-0.017716370206205156,0.011478830029934701,0.0
-0.0333333333333,0.0216666666667,0.0,-0.01719293451727439,0.011628683075112365,1.2947207284258385e-18
-0.0316666666667,0.0216666666667,0.0,-0.01663827230183556,0.011776796190071463,-6.473603642129193e-19
-0.03,0.0216666666667,0.0,-0.016051197194216972,0.011922659453491555,0.0
-0.0283333333333,0.0216666666667,0.0,-0.015430639481776406,0.012065730586393117,0.0
-0.0266666666667,0.0216666666667,0.0,-0.014775680562600913,0.012205437280863509,0.0
-0.025,0.0216666666667,0.0,-0.014085590121737667,0.012341180392592518,0.0
-0.0233333333333,0.0216666666667,0.0,-0.013359865286929099,0.012472338055142222,0.0
-0.0216666666667,0.0216666666667,0.0,-0.012598270751386224,0.012598270751386153,0.0
-0.02,0.0216666666667,0.0,-0.011800878568689685,0.012718327348164117,0.0
-0.0183333333333,0.0216666666667,0.0,-0.010968106051850729,0.012831852064958332,1.2947207284258385e-18
-0.0166666666667,0.0216666666667,0.0,-0.010100749977029786,0.012938192307121765,0.0
-0.015,0.0216666666667,0.0,-0.009200015129303234,0.013036707249807739,-6.473603642129193e-19
-0.0133333333333,0.0216666666667,0.0,-0.008267535162971037,0.013126777013062776,1.6184009105322981e-19
-0.0116666666667,0.0216666666667,0.0,-0.007305383814568037,0.013207812224164764,0.0
-0.01,0.0216666666667,0.0,-0.006316074723761637,0.013279263722856883,0.0
-0.00833333333333,0.0216666666667,0.0,-0.00530254849527997,0.013340632132568702,1.2947207284258385e-18
-0.00666666666667,0.0216666666667,0.0,-0.004268146170698914,0.013391476999125837,0.0
-0.005,0.0216666666667,0.0,-0.0032165689485608756,0.013431425190238742,0.0
-0.00333333333333,0.0216666666667,0.0,-0.002151824752138967,0.013460178256860873,0.0
-0.00166666666667,0.0216666666667,0.0,-0.001078163038410427,0.013477518481776791,0.0
4.33680868994e-19,0.0216666666667,0.0,1.7318738914091682e-19,0.013483313381384183,0.0
0.00166666666667,0.0216666666667,0.0,0.0010781630384104272,0.013477518481776791,0.0
0.00333333333333,0.0216666666667,0.0,0.002151824752138967,0.013460178256860873,0.0
0.005,0.0216666666667,0.0,0.0032165689485608756,0.013431425190238742,0.0
0.00666666666667,0.0216666666667,0.0,0.004268146170698913,0.013391476999125837,0.0
0.00833333333333,0.0216666666667,0.0,0.00530254849527997,0.0133406321325687,1.2947207284258385e-18
0.01,0.0216666666667,0.0,0.006316074723761637,0.013279263722856883,0.0
0.0116666666667,0.0216666666667,0.0,0.007305383814568037,0.013207812224164764,0.0
0.0133333333333,0.0216666666667,0.0,0.008267535162971037,0.013126777013062776,1.6184009105322981e-19
0.015,0.0216666666667,0.0,0.009200015129303235,0.013036707249807739,-6.473603642129193e-19
0.0166666666667,0.0216666666667,0.0,0.010100749977029788,0.012938192307121765,1.2947207284258385e-18
0.0183333333333,0.0216666666667,0.0,0.010968106051850729,0.012831852064958332,1.2947207284258385e-18
0.02,0.0216666666667,0.0,0.011800878568689685,0.012718327348164117,0.0
0.0216666666667,0.0216666666667,0.0,0.012598270751386224,0.012598270751386153,-6.473603642129193e-19
0.0233333333333,0.0216666666667,0.0,0.0133598652869291,0.012472338055142222,0.0
0.025,0.0216666666667,0.0,0.014085590121737667,0.012341180392592518,0.0
0.0266666666667,0.0216666666667,0.0,0.014775680562600913,0.012205437280863509,0.0
0.0283333333333,0.0216666666667,0.0,0.015430639481776406,0.012065730586393115,0.0
0.03,0.0216666666667,0.0,0.016051197194216972,0.011922659453491555,0.0
0.0316666666667,0.0216666666667,0.0,0.01663827230183556,0.011776796190071465,0.0
0.0333333333333,0.0216666666667,0.0,0.01719293451727439,0.011628683075112367,1.2947207284258385e-18
0.035,0.0216666666667,0.0,0.017716370206205156,0.011478830029934701,0.0
0.0366666666667,0.0216666666667,0.0,0.01820985113261663,0.011327713078986088,-1.2947207284258385e-18
0.0383333333333,0.0216666666667,0.0,0.01867470667445856,0.011175773515045574,0.0
0.04,0.0216666666667,0.0,0.019112299598251392,0.011023417678597118,0.0
0.0416666666667,0.0216666666667,0.0,0.009662226068425853,0.0108710172600196,-1.2947207284258385e-18
-0.0416666666667,0.0233333333333,0.0,-0.009599176693187867,0.011574069329194477,0.0
-0.04,0.0233333333333,0.0,-0.018984998969714038,0.011732500835549399,0.0
-0.0383333333333,0.0233333333333,0.0,-0.01854513393234491,0.011890725596448576,6.473603642129193e-19
-0.0366666666667,0.0233333333333,0.0,-0.0180782967921544,0.01204835607205834,0.0
-0.035,0.0233333333333,0.0,-0.017583181505185983,0.012204970445657364,0.0
-0.0333333333333,0.0233333333333,0.0,-0.01705851971465898,0.012360112537933366,1.2947207284258385e-18
-0.0316666666667,0.0233333333333,0.0,-0.016503104402048094,0.012513292253511908,1.2947207284258385e-18
-0.03,0.0233333333333,0.0,-0.015915816835267993,0.012663986644584683,-3.2368018210645963e-19
-0.0283333333333,0.0233333333333,0.0,-0.015295656694242023,0.012811641673926216,1.2947207284258385e-18
-0.0266666666667,0.0233333333333,0.0,-0.014641775083863218,0.012955674753091893,0.0
-0.025,0.0233333333333,0.0,-0.013953509940385153,0.013095478119726698,-1.6184009105322981e-19
-0.0233333333333,0.0233333333333,0.0,-0.013230423100907242,0.013230423100907242,1.2947207284258385e-18
-0.0216666666667,0.0233333333333,0.0,-0.012472338055142218,0.0133598652869291,0.0
-0.02,0.0233333333333,0.0,-0.011679377143425528,0.013483150611296828,6.473603642129193e-19
-0.0183333333333,0.0233333333333,0.0,-0.010851996721945154,0.013599622299043955,-3.2368018210645963e-19
-0.0166666666667,0.0233333333333,0.0,-0.009991018615106937,0.013708628607804165,0.0
-0.015,0.0233333333333,0.0,-0.00909765603972019,0.013809531245153328,0.0
-0.0133333333333,0.0233333333333,0.0,-0.00817353214238036,0.013901714304344682,-1.2947207284258385e-18
-0.0116666666667,0.0233333333333,0.0,-0.007220689368313682,0.013984593521026698,-3.2368018210645963e-19
-0.01,0.0233333333333,0.0,-0.006241588094195557,0.014057625618166902,-3.2368018210645963e-19
-0.00833333333333,0.0233333333333,0.0,-0.005239093315929347,0.01412031747867401,6.473603642129193e-19
-0.00666666666667,0.0233333333333,0.0,-0.004216448680691394,0.014172234867743726,0.0
-0.005,0.0233333333333,0.0,-0.003177237768039541,0.01421301042164273,0.0
-0.00333333333333,0.0233333333333,0.0,-0.0021253332183287783,0.014242350628729913,-1.2947207284258385e-18
-0.00166666666667,0.0233333333333,0.0,-0.0010648350261290471,0.01426004155215017,1.2947207284258385e-18
4.33680868994e-19,0.0233333333333,0.0,1.3611354191187044e-19,0.014265953081597674,-1.2947207284258385e-18
0.00166666666667,0.0233333333333,0.0,0.0010648350261290471,0.01426004155215017,1.2947207284258385e-18
0.00333333333333,0.0233333333333,0.0,0.0021253332183287783,0.014242350628729913,-1.2947207284258385e-18
0.005,0.0233333333333,0.0,0.003177237768039541,0.01421301042164273,0.0
0.00666666666667,0.0233333333333,0.0,0.004216448680691393,0.014172234867743726,0.0
0.00833333333333,0.0233333333333,0.0,0.005239093315929346,0.014120317478674009,1.2947207284258385e-18
0.01,0.0233333333333,0.0,0.006241588094195557,0.014057625618166902,-3.2368018210645963e-19
0.0116666666667,0.0233333333333,0.0,0.007220689368313682,0.013984593521026698,-3.2368018210645963e-19
0.0133333333333,0.0233333333333,0.0,0.00817353214238036,0.013901714304344682,-1.2947207284258385e-18
0.015,0.0233333333333,0.0,0.00909765603972019,0.013809531245153328,0.0
0.0166666666667,0.0233333333333,0.0,0.009991018615106937,0.013708628607804165,0.0
0.0183333333333,0.0233333333333,0.0,0.010851996721945154,0.013599622299043955,-3.2368018210645963e-19
0.02,0.0233333333333,0.0,0.011679377143425528,0.013483150611296828,6.473603642129193e-19
0.0216666666667,0.0233333333333,0.0,0.012472338055142218,0.0133598652869291,0.0
0.0233333333333,0.0233333333333,0.0,0.013230423100907242,0.013230423100907242,1.2947207284258385e-18
0.025,0.0233333333333,0.0,0.013953509940385153,0.013095478119726698,-1.6184009105322981e-19
0.0266666666667,0.0233333333333,0.0,0.014641775083863218,0.012955674753091893,1.2947207284258385e-18
0.0283333333333,0.0233333333333,0.0,0.015295656694242023,0.012811641673926216,1.2947207284258385e-18
0.03,0.0233333333333,0.0,0.015915816835267993,0.012663986644584683,-3.2368018210645963e-19
0.0316666666667,0.0233333333333,0.0,0.016503104402048094,0.012513292253511913,1.2947207284258385e-18
0.0333333333333,0.0233333333333,0.0,0.01705851971465898,0.012360112537933366,1.2947207284258385e-18
0.035,0.0233333333333,0.0,0.017583181505185983,0.012204970445657364,0.0
0.0366666666667,0.0233333333333,0.0,0.018078296792154405,0.01204835607205834,0.0
0.0383333333333,0.0233333333333,0.0,0.01854513393234491,0.011890725596448576,6.473603642129193e-19
0.04,0.0233333333333,0.0,0.018984998969714038,0.011732500835549399,0.0
0.0416666666667,0.0233333333333,0.0,0.00959917669318787,0.011574069329194477,0.0
-0.0416666666667,0.025,0.0,-0.009532759918835986,0.012252429031259655,0.0
-0.04,0.025,0.0,-0.01885096156407851,0.012415979869278919,0.0
-0.0383333333333,0.025,0.0,-0.018408831193556994,0.012579146464133953,0.0
-0.0366666666667,0.025,0.0,-0.017940041602928888,0.012741528093951342,0.0
-0.035,0.025,0.0,-0.01744334518925326,0.012902690517588307,0.0
-0.0333333333333,0.025,0.0,-0.016917536180044986,0.01306216611274937,0.0
-0.0316666666667,0.025,0.0,-0.016361473653784164,0.01321945454893124,0.0
-0.03,0.025,0.0,-0.015774107594890733,0.013374024072462342,0.0
-0.0283333333333,0.025,0.0,-0.015154507835345244,0.013525313476974658,0.0
-0.0266666666667,0.025,0.0,-0.014501895573940974,0.013672734824995371,1.2947207284258385e-18
-0.025,0.025,0.0,-0.01381567697367699,0.013815676973676996,-1.2947207284258385e-18
-0.0233333333333,0.025,0.0,-0.013095478119726698,0.013953509940385153,-1.6184009105322981e-19
-0.0216666666667,0.025,0.0,-0.01234118039259252,0.01408559012173767,1.2947207284258385e-18
-0.02,0.025,0.0,-0.011552955082239698,0.014211266352197039,-1.2947207284258385e-18
-0.0183333333333,0.025,0.0,-0.010731295854771965,0.01432988675676741,1.2947207284258385e-18
-0.0166666666667,0.025,0.0,-0.009877047510781181,0.01444080631764435,0.0
-0.015,0.025,0.0,-0.008991429364939177,0.01454339503763313,0.0
-0.0133333333333,0.025,0.0,-0.008076051552312091,0.014637046546345737,0.0
-0.0116666666667,0.025,0.0,-0.007132922652758254,0.014721186960699838,1.2947207284258385e-18
-0.01,0.025,0.0,-0.006164447234539954,0.014795283781001674,0.0
-0.00833333333333,0.025,0.0,-0.005173412256437784,0.014858854580935549,6.473603642129193e-19
-0.00666666666667,0.025,0.0,-0.004162961728936722,0.01491147523625674,0.0
-0.005,0.025,0.0,-0.0031365595980340348,0.014952787434308768,-1.6184009105322981e-19
-0.00333333333333,0.025,0.0,-0.0020979414441200245,0.014982505216522779,0.0
-0.00166666666667,0.025,0.0,-0.0010510562368192973,0.015000420328716782,6.473603642129193e-19
4.33680868994e-19,0.025,0.0,1.1436922576207647e-19,0.015006406188983428,0.0
0.00166666666667,0.025,0.0,0.0010510562368192978,0.015000420328716782,6.473603642129193e-19
0.00333333333333,0.025,0.0,0.0020979414441200245,0.014982505216522779,0.0
0.005,0.025,0.0,0.0031365595980340348,0.014952787434308768,0.0
0.00666666666667,0.025,0.0,0.004162961728936722,0.01491147523625674,0.0
0.00833333333333,0.025,0.0,0.005173412256437784,0.014858854580935546,6.473603642129193e-19
0.01,0.025,0.0,0.006164447234539954,0.014795283781001674,0.0
0.0116666666667,0.025,0.0,0.007132922652758251,0.014721186960699838,1.2947207284258385e-18
0.0133333333333,0.025,0.0,0.00807605155231209,0.014637046546345733,-1.2947207284258385e-18
0.015,0.025,0.0,0.008991429364939178,0.01454339503763313,0.0
0.0166666666667,0.025,0.0,0.009877047510781183,0.01444080631764435,0.0
0.0183333333333,0.025,0.0,0.010731295854771962,0.01432988675676741,1.2947207284258385e-18
0.02,0.025,0.0,0.011552955082239698,0.014211266352197039,-1.2947207284258385e-18
0.0216666666667,0.025,0.0,0.01234118039259252,0.01408559012173767,1.2947207284258385e-18
0.0233333333333,0.025,0.0,0.013095478119726698,0.013953509940385153,-1.6184009105322981e-19
0.025,0.025,0.0,0.01381567697367699,0.013815676973676996,-1.2947207284258385e-18
0.0266666666667,0.025,0.0,0.014501895573940974,0.013672734824995368,1.2947207284258385e-18
0.0283333333333,0.025,0.0,0.015154507835345244,0.013525313476974658,-8.092004552661491e-20
0.03,0.025,0.0,0.015774107594890733,0.013374024072462342,0.0
0.0316666666667,0.025,0.0,0.016361473653784164,0.01321945454893124,0.0
0.0333333333333,0.025,0.0,0.016917536180044986,0.01306216611274937,0.0
0.035,0.025,0.0,0.01744334518925326,0.012902690517588307,0.0
0.0366666666667,0.025,0.0,0.017940041602928888,0.012741528093951342,0.0
0.0383333333333,0.025,0.0,0.018408831193557,0.012579146464133953,0.0
0.04,0.025,0.0,0.01885096156407851,0.012415979869278919,0.0
0.0416666666667,0.025,0.0,0.009532759918835986,0.01225242903125966,-1.2947207284258385e-18
-0.0416666666667,0.0266666666667,0.0,-0.009463208935303662,0.012905775037339424,0.0
-0.04,0.0266666666667,0.0,-0.01871066656630776,0.013073563051700033,0.0
-0.0383333333333,0.0266666666667,0.0,-0.018266303042342995,0.013240777338003466,-1.2947207284258385e-18
-0.0366666666667,0.0266666666667,0.0,-0.017795614927476902,0.013407006699756238,0.0
-0.035,0.0266666666667,0.0,-0.01729741435253681,0.013571807517170242,-6.473603642129193e-19
-0.0333333333333,0.0266666666667,0.0,-0.016770559213190626,0.013734704108907753,-1.2947207284258385e-18
-0.0316666666667,0.0266666666667,0.0,-0.016213975507128036,0.01389518962461363,0.0
-0.03,0.0266666666667,0.0,-0.015626682445098395,0.014052727537131115,-1.2947207284258385e-18
-0.0283333333333,0.0266666666667,0.0,-0.015007820163271476,0.014206753798180989,0.0
-0.0266666666667,0.0266666666667,0.0,-0.014356679712711387,0.014356679712711387,-1.0115005690826863e-20
-0.025,0.0266666666667,0.0,-0.013672734824995368,0.014501895573940974,1.2947207284258385e-18
-0.0233333333333,0.0266666666667,0.0,-0.012955674753091896,0.014641775083863218,0.0
-0.0216666666667,0.0266666666667,0.0,-0.012205437280863509,0.014775680562600913,0.0
-0.02,0.0266666666667,0.0,-0.011422240791060993,0.014902968924052103,-6.473603642129193e-19
-0.0183333333333,0.0266666666667,0.0,-0.010606614094556906,0.015022998366140305,0.0
-0.0166666666667,0.0266666666667,0.0,-0.009759422577680466,0.015135135692580567,-1.2947207284258385e-18
-0.015,0.0266666666667,0.0,-0.008881889138200831,0.015238764150121223,0.0
-0.0133333333333,0.0266666666667,0.0,-0.007975608373162928,0.015333291633114324,-3.2368018210645963e-19
-0.0116666666667,0.0266666666667,0.0,-0.007042552574458269,0.015418159077808613,1.2947207284258385e-18
-0.01,0.0266666666667,0.0,-0.006085068291757462,0.015492848843506168,1.2947207284258385e-18
-0.00833333333333,0.0266666666667,0.0,-0.005105862539734413,0.015556892859303888,1.2947207284258385e-18
-0.00666666666667,0.0266666666667,0.0,-0.004107978151502011,0.0156098803052316,-1.2947207284258385e-18
-0.005,0.0266666666667,0.0,-0.003094758292769925,0.015651464596216642,-1.2947207284258385e-18
-0.00333333333333,0.0266666666667,0.0,-0.002069800718984631,0.015681369447957713,0.0
-0.00166666666667,0.0266666666667,0.0,-0.0010369029394406057,0.015699393825180954,-1.2947207284258385e-18
4.33680868994e-19,0.0266666666667,0.0,1.4734376295921768e-19,0.015705415604534576,0.0
0.00166666666667,0.0266666666667,0.0,0.001036902939440606,0.015699393825180954,-1.2947207284258385e-18
0.00333333333333,0.0266666666667,0.0,0.002069800718984631,0.015681369447957713,0.0
0.005,0.0266666666667,0.0,0.003094758292769925,0.015651464596216642,-1.2947207284258385e-18
0.00666666666667,0.0266666666667,0.0,0.00410797815150201,0.0156098803052316,-1.2947207284258385e-18
0.00833333333333,0.0266666666667,0.0,0.005105862539734413,0.015556892859303891,1.2947207284258385e-18
0.01,0.0266666666667,0.0,0.006085068291757462,0.015492848843506168,1.2947207284258385e-18
0.0116666666667,0.0266666666667,0.0,0.007042552574458269,0.015418159077808613,1.2947207284258385e-18
0.0133333333333,0.0266666666667,0.0,0.007975608373162928,0.015333291633114324,-3.2368018210645963e-19
0.015,0.0266666666667,0.0,0.008881889138200831,0.015238764150121223,0.0
0.0166666666667,0.0266666666667,0.0,0.009759422577680468,0.015135135692580567,-1.2947207284258385e-18
0.0183333333333,0.0266666666667,0.0,0.010606614094556908,0.015022998366140305,0.0
0.02,0.0266666666667,0.0,0.011422240791060993,0.014902968924052103,-6.473603642129193e-19
0.0216666666667,0.0266666666667,0.0,0.012205437280863509,0.014775680562600913,0.0
0.0233333333333,0.0266666666667,0.0,0.012955674753091896,0.014641775083863218,0.0
0.025,0.0266666666667,0.0,0.013672734824995368,0.014501895573940974,1.2947207284258385e-18
0.0266666666667,0.0266666666667,0.0,0.014356679712711387,0.014356679712711387,-1.0115005690826863e-20
0.0283333333333,0.0266666666667,0.0,0.015007820163271476,0.014206753798180989,0.0
0.03,0.0266666666667,0.0,0.01562668244509839,0.014052727537131115,-1.2947207284258385e-18
0.0316666666667,0.0266666666667,0.0,0.016213975507128036,0.01389518962461363,0.0
0.0333333333333,0.0266666666667,0.0,0.016770559213190626,0.013734704108907753,-1.2947207284258385e-18
0.035,0.0266666666667,0.0,0.017297414352536806,0.013571807517170242,-6.473603642129193e-19
0.0366666666667,0.0266666666667,0.0,0.017795614927476902,0.013407006699756238,0.0
0.0383333333333,0.0266666666667,0.0,0.018266303042342995,0.013240777338003466,-1.2947207284258385e-18
0.04,0.0266666666667,0.0,0.018710666566307765,0.013073563051700033,0.0
0.0416666666667,0.0266666666667,0.0,0.009463208935303662,0.012905775037339424,1.2947207284258385e-18
-0.0416666666667,0.0283333333333,0.0,-0.009390759367254973,0.013533963580350092,0.0
-0.04,0.0283333333333,0.0,-0.018564597376653946,0.013705144368179911,0.0
-0.0383333333333,0.0283333333333,0.0,-0.018118056873276903,0.013875553353346066,0.0
-0.0366666666667,0.0283333333333,0.0,-0.01764554734232914,0.01404477156620572,1.2947207284258385e-18
-0.035,0.0283333333333,0.0,-0.017145941522736546,0.014212348998484933,0.0
-0.0333333333333,0.0283333333333,0.0,-0.016618161597858915,0.014377805181675708,0.0
-0.0316666666667,0.0283333333333,0.0,-0.016061200801208878,0.014540630285944276,1.2947207284258385e-18
-0.03,0.0283333333333,0.0,-0.015474147540065151,0.014700286799632875,0.0
-0.0283333333333,0.0283333333333,0.0,-0.01485621184333287,0.014856211843332873,-1.2947207284258385e-18
-0.0266666666667,0.0283333333333,0.0,-0.014206753798180986,0.015007820163271474,1.2947207284258385e-18
-0.025,0.0283333333333,0.0,-0.013525313476974662,0.015154507835345244,8.092004552661491e-20
-0.0233333333333,0.0283333333333,0.0,-0.012811641673926216,0.015295656694242023,1.2947207284258385e-18
-0.0216666666667,0.0283333333333,0.0,-0.012065730586393117,0.015430639481776406,0.0
-0.02,0.0283333333333,0.0,-0.011287843396230832,0.015558825684453421,6.473603642129193e-19
-0.0183333333333,0.0283333333333,0.0,-0.010478541544760397,0.015679588003817597,-3.2368018210645963e-19
-0.0166666666667,0.0283333333333,0.0,-0.009638708373285025,0.015792309375191875,0.0
-0.015,0.0283333333333,0.0,-0.008769567735514813,0.015896390421608963,0.0
-0.0133333333333,0.0283333333333,0.0,-0.007872696195180714,0.01599125720225321,0.0
-0.0116666666667,0.0283333333333,0.0,-0.006950027519497079,0.01607636909012285,-6.473603642129193e-19
-0.01,0.0283333333333,0.0,-0.006003848375501512,0.01615122659306592,0.0
-0.00833333333333,0.0283333333333,0.0,-0.005036784432515624,0.01621537891808957,0.0
-0.00666666666667,0.0283333333333,0.0,-0.004051776463766338,0.016268431072151698,1.2947207284258385e-18
-0.005,0.0283333333333,0.0,-0.003052046504915693,0.016310050294163207,1.2947207284258385e-18
-0.00333333333333,0.0283333333333,0.0,-0.0020410546376189295,0.01633997162387161,-1.2947207284258385e-18
-0.00166666666667,0.0283333333333,0.0,-0.0010224474858927539,0.016358002433203817,-1.2947207284258385e-18
4.33680868994e-19,0.0283333333333,0.0,1.3691765241672112e-19,0.016364025774153662,0.0
0.00166666666667,0.0283333333333,0.0,0.0010224474858927539,0.016358002433203817,-1.2947207284258385e-18
0.00333333333333,0.0283333333333,0.0,0.0020410546376189312,0.01633997162387161,-1.2947207284258385e-18
0.005,0.0283333333333,0.0,0.003052046504915693,0.016310050294163207,0.0
0.00666666666667,0.0283333333333,0.0,0.004051776463766336,0.016268431072151698,1.2947207284258385e-18
0.00833333333333,0.0283333333333,0.0,0.005036784432515624,0.01621537891808957,0.0
0.01,0.0283333333333,0.0,0.006003848375501512,0.01615122659306592,0.0
0.0116666666667,0.0283333333333,0.0,0.00695002751949708,0.016076369090122857,-6.473603642129193e-19
0.0133333333333,0.0283333333333,0.0,0.007872696195180714,0.015991257202253216,0.0
0.015,0.0283333333333,0.0,0.008769567735514813,0.015896390421608963,0.0
0.0166666666667,0.0283333333333,0.0,0.009638708373285024,0.015792309375191875,0.0
0.0183333333333,0.0283333333333,0.0,0.010478541544760397,0.015679588003817597,-3.2368018210645963e-19
0.02,0.0283333333333,0.0,0.011287843396230832,0.015558825684453421,6.473603642129193e-19
0.0216666666667,0.0283333333333,0.0,0.012065730586393117,0.015430639481776408,0.0
0.0233333333333,0.0283333333333,0.0,0.012811641673926216,0.015295656694242023,1.2947207284258385e-18
0.025,0.0283333333333,0.0,0.013525313476974658,0.015154507835345244,0.0
0.0266666666667,0.0283333333333,0.0,0.014206753798180989,0.015007820163271476,-1.2947207284258385e-18
0.0283333333333,0.0283333333333,0.0,0.014856211843332873,0.014856211843332873,-1.2947207284258385e-18
0.03,0.0283333333333,0.0,0.015474147540065148,0.014700286799632875,0.0
0.0316666666667,0.0283333333333,0.0,0.016061200801208875,0.014540630285944276,1.2947207284258385e-18
0.0333333333333,0.0283333333333,0.0,0.016618161597858915,0.014377805181675708,0.0
0.035,0.0283333333333,0.0,0.017145941522736546,0.014212348998484933,0.0
0.0366666666667,0.0283333333333,0.0,0.01764554734232914,0.01404477156620572,1.2947207284258385e-18
0.0383333333333,0.0283333333333,0.0,0.018118056873276903,0.013875553353346066,0.0
0.04,0.0283333333333,0.0,0.018564597376653946,0.013705144368179911,0.0
0.0416666666667,0.0283333333333,0.0,0.009390759367254975,0.013533963580350092,0.0
-0.0416666666667,0.03,0.0,-0.009315647461369918,0.014137013476124971,0.0
-0.04,0.03,0.0,-0.01841323785403922,0.01431078693656761,0.0
-0.0383333333333,0.03,0.0,-0.01796459887583102,0.0144835852663299,0.0
-0.0366666666667,0.03,0.0,-0.017490366373667382,0.014654984373775238,3.2368018210645963e-19
-0.035,0.03,0.0,-0.016989474163508034,0.014824530750609521,0.0
-0.0333333333333,0.03,0.0,-0.016460908892750845,0.01499174225414692,0.0
-0.0316666666667,0.03,0.0,-0.01590373087193531,0.015156109394148753,0.0
-0.03,0.03,0.0,-0.015317097175368834,0.015317097175368834,0.0
-0.0283333333333,0.03,0.0,-0.014700286799632874,0.015474147540065148,0.0
-0.0266666666667,0.03,0.0,-0.014052727537131115,0.01562668244509839,-1.2947207284258385e-18
-0.025,0.03,0.0,-0.013374024072462342,0.015774107594890733,0.0
-0.0233333333333,0.03,0.0,-0.012663986644584683,0.015915816835267993,0.0
-0.0216666666667,0.03,0.0,-0.011922659453491555,0.016051197194216972,0.0
-0.02,0.03,0.0,-0.011150347833051421,0.0161796345335274,0.0
-0.0183333333333,0.03,0.0,-0.010347643073083952,0.01630051975163385,0.0
-0.0166666666667,0.03,0.0,-0.009515443674020732,0.016413255453516115,0.0
-0.015,0.03,0.0,-0.008654971770129041,0.016517262978769723,-6.473603642129193e-19
-0.0133333333333,0.03,0.0,-0.007767783476058885,0.01661198965591268,1.2947207284258385e-18
-0.0116666666667,0.03,0.0,-0.006855772011602907,0.016696916130911416,-1.2947207284258385e-18
-0.01,0.03,0.0,-0.0059211626474554736,0.016771563601658164,0.0
-0.00833333333333,0.03,0.0,-0.004966498789909907,0.01683550077958445,0.0
-0.00666666666667,0.03,0.0,-0.003994618878435767,0.01688835039567704,-6.473603642129193e-19
-0.005,0.03,0.0,-0.003008624189699657,0.016929795071178543,-6.473603642129193e-19
-0.00333333333333,0.03,0.0,-0.002011838098584481,0.016959582384196703,1.6184009105322981e-19
-0.00166666666667,0.03,0.0,-0.0010077578091831066,0.01697752898171886,0.0
4.33680868994e-19,0.03,0.0,1.6431060634680097e-19,0.01698352361177925,-8.092004552661491e-20
0.00166666666667,0.03,0.0,0.0010077578091831066,0.01697752898171886,0.0
0.00333333333333,0.03,0.0,0.002011838098584481,0.016959582384196703,1.6184009105322981e-19
0.005,0.03,0.0,0.003008624189699657,0.016929795071178543,-6.473603642129193e-19
0.00666666666667,0.03,0.0,0.003994618878435767,0.01688835039567704,-6.473603642129193e-19
0.00833333333333,0.03,0.0,0.004966498789909907,0.01683550077958445,0.0
0.01,0.03,0.0,0.0059211626474554736,0.016771563601658164,0.0
0.0116666666667,0.03,0.0,0.00685577201160291,0.01669691613091142,-1.2947207284258385e-18
0.0133333333333,0.03,0.0,0.007767783476058886,0.016611989655912682,0.0
0.015,0.03,0.0,0.00865497177012904,0.016517262978769723,-6.473603642129193e-19
0.0166666666667,0.03,0.0,0.009515443674020732,0.016413255453516115,0.0
0.0183333333333,0.03,0.0,0.010347643073083952,0.01630051975163385,0.0
0.02,0.03,0.0,0.011150347833051421,0.0161796345335274,0.0
0.0216666666667,0.03,0.0,0.011922659453491555,0.01605119719421698,0.0
0.0233333333333,0.03,0.0,0.012663986644584683,0.015915816835267993,0.0
0.025,0.03,0.0,0.013374024072462342,0.015774107594890733,0.0
0.0266666666667,0.03,0.0,0.014052727537131115,0.0156266824450984,-1.2947207284258385e-18
0.0283333333333,0.03,0.0,0.014700286799632875,0.015474147540065148,0.0
0.03,0.03,0.0,0.015317097175368834,0.015317097175368834,0.0
0.0316666666667,0.03,0.0,0.01590373087193531,0.015156109394148751,1.2947207284258385e-18
0.0333333333333,0.03,0.0,0.016460908892750845,0.01499174225414692,0.0
0.035,0.03,0.0,0.016989474163508034,0.014824530750609521,0.0
0.0366666666667,0.03,0.0,0.017490366373667382,0.014654984373775238,3.2368018210645963e-19
0.0383333333333,0.03,0.0,0.01796459887583102,0.0144835852663299,0.0
0.04,0.03,0.0,0.01841323785403922,0.01431078693656761,0.0
0.0416666666667,0.03,0.0,0.009315647461369918,0.014137013476124971,0.0
-0.0416666666667,0.0316666666667,0.0,-0.009238108386898395,0.014715090133442355,0.0
-0.04,0.0316666666667,0.0,-0.018257068812242972,0.014890705461880285,0.0
-0.0383333333333,0.0316666666667,0.0,-0.017806430326987095,0.015065140259662336,0.0
-0.0366666666667,0.0316666666667,0.0,-0.017330592601439456,0.015237967873003003,0.0
-0.035,0.0316666666667,0.0,-0.01682855061037768,0.015408734039430001,0.0
-0.0333333333333,0.0316666666667,0.0,-0.016299355224880466,0.015576957856429301,0.0
-0.0316666666667,0.0316666666667,0.0,-0.01574213323378702,0.015742133233787023,0.0
-0.03,0.0316666666667,0.0,-0.015156109394148748,0.01590373087193531,1.2947207284258385e-18
-0.0283333333333,0.0316666666667,0.0,-0.014540630285944276,0.016061200801208878,1.2947207284258385e-18
-0.0266666666667,0.0316666666667,0.0,-0.01389518962461363,0.016213975507128036,0.0
-0.025,0.0316666666667,0.0,-0.013219454548931238,0.016361473653784164,0.0
-0.0233333333333,0.0316666666667,0.0,-0.012513292253511913,0.016503104402048094,1.2947207284258385e-18
-0.0216666666667,0.0316666666667,0.0,-0.011776796190071465,0.016638272301835563,0.0
-0.02,0.0316666666667,0.0,-0.011010310925301693,0.016766382717796856,-3.2368018210645963e-19
-0.0183333333333,0.0316666666667,0.0,-0.01021445462582136,0.016886847726972902,-1.2947207284258385e-18
-0.0166666666667,0.0316666666667,0.0,-0.009390138060462619,0.016999092405936285,0.0
-0.015,0.0316666666667,0.0,-0.008538578978515333,0.01710256140406155,0.0
-0.0133333333333,0.0316666666667,0.0,-0.007661310750912119,0.01719672568065496,6.473603642129193e-19
-0.0116666666667,0.0316666666667,0.0,-0.00676018426248468,0.017281089267719724,0.0
-0.01,0.0316666666667,0.0,-0.00583736222196661,0.017355195907712673,0.0
-0.00833333333333,0.0316666666667,0.0,-0.0048953053108137965,0.017418635408322242,0.0
-0.00666666666667,0.0316666666667,0.0,-0.003936749915750488,0.01747104955467435,0.0
-0.005,0.0316666666667,0.0,-0.002964677567457663,0.017512137423507802,0.0
-0.00333333333333,0.0316666666667,0.0,-0.001982276615549964,0.017541659954546613,0.0
-0.00166666666667,0.0316666666667,0.0,-0.00099289708002621,0.01755944365084737,-1.2947207284258385e-18
4.33680868994e-19,0.0316666666667,0.0,1.3685776728099274e-19,0.01756538330200431,1.2947207284258385e-18
0.00166666666667,0.0316666666667,0.0,0.0009928970800262102,0.01755944365084737,-1.2947207284258385e-18
0.00333333333333,0.0316666666667,0.0,0.001982276615549964,0.017541659954546613,0.0
0.005,0.0316666666667,0.0,0.0029646775674576635,0.017512137423507802,0.0
0.00666666666667,0.0316666666667,0.0,0.003936749915750489,0.01747104955467435,0.0
0.00833333333333,0.0316666666667,0.0,0.0048953053108137965,0.017418635408322242,0.0
0.01,0.0316666666667,0.0,0.00583736222196661,0.017355195907712673,0.0
0.0116666666667,0.0316666666667,0.0,0.00676018426248468,0.017281089267719724,0.0
0.0133333333333,0.0316666666667,0.0,0.007661310750912119,0.01719672568065496,6.473603642129193e-19
0.015,0.0316666666667,0.0,0.008538578978515333,0.01710256140406155,0.0
0.0166666666667,0.0316666666667,0.0,0.009390138060462619,0.016999092405936285,0.0
0.0183333333333,0.0316666666667,0.0,0.01021445462582136,0.016886847726972902,-1.2947207284258385e-18
0.02,0.0316666666667,0.0,0.011010310925301695,0.016766382717796856,-3.2368018210645963e-19
0.0216666666667,0.0316666666667,0.0,0.011776796190071465,0.016638272301835566,0.0
0.0233333333333,0.0316666666667,0.0,0.01251329225351191,0.016503104402048094,1.2947207284258385e-18
0.025,0.0316666666667,0.0,0.01321945454893124,0.016361473653784164,0.0
0.0266666666667,0.0316666666667,0.0,0.01389518962461363,0.016213975507128036,0.0
0.0283333333333,0.0316666666667,0.0,0.014540630285944276,0.016061200801208878,1.2947207284258385e-18
0.03,0.0316666666667,0.0,0.015156109394148751,0.015903730871935313,0.0
0.0316666666667,0.0316666666667,0.0,0.01574213323378702,0.01574213323378702,-3.2368018210645963e-19
0.0333333333333,0.0316666666667,0.0,0.016299355224880463,0.015576957856429301,0.0
0.035,0.0316666666667,0.0,0.016828550610377677,0.015408734039430001,0.0
0.0366666666667,0.0316666666667,0.0,0.017330592601439456,0.015237967873003003,0.0
0.0383333333333,0.0316666666667,0.0,0.017806430326987092,0.015065140259662336,0.0
0.04,0.0316666666667,0.0,0.018257068812242972,0.014890705461880285,0.0
0.0416666666667,0.0316666666667,0.0,0.009238108386898395,0.014715090133442355,0.0
-0.0416666666667,0.0333333333333,0.0,-0.009158374667288402,0.015268489054774738,0.0
-0.04,0.0333333333333,0.0,-0.018096564804402995,0.015445248271857373,0.0
-0.0383333333333,0.0333333333333,0.0,-0.01764404422671747,0.015620622438495128,-1.6184009105322981e-19
-0.0366666666667,0.0333333333333,0.0,-0.017166736165074466,0.015794184771083804,1.2947207284258385e-18
-0.035,0.0333333333333,0.0,-0.01666369647049333,0.01596548282159978,1.2947207284258385e-18
-0.0333333333333,0.0333333333333,0.0,-0.016134039611594275,0.016134039611594275,-1.2947207284258385e-18
-0.0316666666667,0.0333333333333,0.0,-0.015576957856429303,0.016299355224880463,0.0
-0.03,0.0333333333333,0.0,-0.01499174225414692,0.016460908892750845,0.0
-0.0283333333333,0.0333333333333,0.0,-0.014377805181675708,0.016618161597858915,0.0
-0.0266666666667,0.0333333333333,0.0,-0.013734704108907753,0.016770559213190626,-1.2947207284258385e-18
-0.025,0.0333333333333,0.0,-0.01306216611274937,0.016917536180044986,0.0
-0.0233333333333,0.0333333333333,0.0,-0.012360112537933366,0.017058519714658982,1.2947207284258385e-18
-0.0216666666667,0.0333333333333,0.0,-0.011628683075112368,0.01719293451727439,1.2947207284258385e-18
-0.02,0.0333333333333,0.0,-0.01086825840956662,0.017320207939815927,0.0
-0.0183333333333,0.0333333333333,0.0,-0.010079480495545842,0.017439775550321657,3.2368018210645963e-19
-0.0166666666667,0.0333333333333,0.0,-0.009263269448233594,0.017551087014512,6.473603642129193e-19
-0.015,0.0333333333333,0.0,-0.00842083602706868,0.01765361219762309,0.0
-0.0133333333333,0.0333333333333,0.0,-0.0075536887199987085,0.01774684737447824,1.2947207284258385e-18
-0.0116666666667,0.0333333333333,0.0,-0.006663634538882696,0.017830321423484046,0.0
-0.01,0.0333333333333,0.0,-0.0057527728048347255,0.01790360187115691,1.2947207284258385e-18
-0.00833333333333,0.0333333333333,0.0,-0.0048234814364496335,0.01796630064917087,-3.2368018210645963e-19
-0.00666666666667,0.0333333333333,0.0,-0.003878395547338521,0.018018079426138412,0.0
-0.005,0.0333333333333,0.0,-0.00292037849786344,0.018058654381237816,0.0
-0.00333333333333,0.0333333333333,0.0,-0.001952485908557741,0.018087800297023733,-6.473603642129193e-19
-0.00166666666667,0.0333333333333,0.0,-0.0009779235051501074,0.018105353863562355,6.473603642129193e-19
4.33680868994e-19,0.0333333333333,0.0,5.49644003439938e-19,0.018111216105153132,6.473603642129193e-19
0.00166666666667,0.0333333333333,0.0,0.0009779235051501074,0.018105353863562355,0.0
0.00333333333333,0.0333333333333,0.0,0.0019524859085577398,0.018087800297023733,-6.473603642129193e-19
0.005,0.0333333333333,0.0,0.00292037849786344,0.018058654381237816,0.0
0.00666666666667,0.0333333333333,0.0,0.003878395547338521,0.018018079426138412,0.0
0.00833333333333,0.0333333333333,0.0,0.004823481436449635,0.01796630064917087,-3.2368018210645963e-19
0.01,0.0333333333333,0.0,0.005752772804834726,0.01790360187115691,6.473603642129193e-19
0.0116666666667,0.0333333333333,0.0,0.006663634538882696,0.017830321423484046,0.0
0.0133333333333,0.0333333333333,0.0,0.0075536887199987085,0.01774684737447824,1.2947207284258385e-18
0.015,0.0333333333333,0.0,0.00842083602706868,0.01765361219762309,0.0
0.0166666666667,0.0333333333333,0.0,0.009263269448233594,0.017551087014512,6.473603642129193e-19
0.0183333333333,0.0333333333333,0.0,0.010079480495545842,0.017439775550321657,3.2368018210645963e-19
0.02,0.0333333333333,0.0,0.01086825840956662,0.017320207939815927,0.0
0.0216666666667,0.0333333333333,0.0,0.011628683075112368,0.01719293451727439,1.2947207284258385e-18
0.0233333333333,0.0333333333333,0.0,0.012360112537933366,0.017058519714658982,1.2947207284258385e-18
0.025,0.0333333333333,0.0,0.01306216611274937,0.016917536180044986,0.0
0.0266666666667,0.0333333333333,0.0,0.013734704108907753,0.016770559213190626,-1.2947207284258385e-18
0.0283333333333,0.0333333333333,0.0,0.014377805181675708,0.016618161597858915,0.0
0.03,0.0333333333333,0.0,0.01499174225414692,0.01646090889275085,0.0
0.0316666666667,0.0333333333333,0.0,0.015576957856429301,0.016299355224880463,0.0
0.0333333333333,0.0333333333333,0.0,0.016134039611594275,0.016134039611594275,-1.2947207284258385e-18
0.035,0.0333333333333,0.0,0.01666369647049333,0.01596548282159978,1.2947207284258385e-18
0.0366666666667,0.0333333333333,0.0,0.017166736165074466,0.015794184771083804,1.2947207284258385e-18
0.0383333333333,0.0333333333333,0.0,0.01764404422671747,0.015620622438495128,0.0
0.04,0.0333333333333,0.0,0.018096564804402995,0.015445248271857373,0.0
0.0416666666667,0.0333333333333,0.0,0.009158374667288399,0.015268489054774738,0.0
-0.0416666666667,0.035,0.0,-0.009076674756562023,0.015797619270560236,1.2947207284258385e-18
-0.04,0.035,0.0,-0.017932191222277537,0.015974879408631005,0.0
-0.0383333333333,0.035,0.0,-0.017477922300471422,0.01615055352441258,2.589441456851677e-18
-0.0366666666667,0.035,0.0,-0.016999293691548442,0.016324216978892664,0.0
-0.035,0.035,0.0,-0.01649542150239323,0.016495421502393227,1.2947207284258385e-18
-0.0333333333333,0.035,0.0,-0.01596548282159978,0.016663696470493455,1.2947207284258385e-18
-0.0316666666667,0.035,0.0,-0.015408734039430001,0.01682855061037768,0.0
-0.03,0.035,0.0,-0.014824530750609521,0.016989474163508034,0.0
-0.0283333333333,0.035,0.0,-0.014212348998484933,0.017145941522736546,0.0
-0.0266666666667,0.035,0.0,-0.013571807517170242,0.01729741435253681,-6.473603642129193e-19
-0.025,0.035,0.0,-0.012902690517588307,0.01744334518925326,0.0
-0.0233333333333,0.035,0.0,-0.012204970445657364,0.01758318150518598,0.0
-0.0216666666667,0.035,0.0,-0.011478830029934701,0.017716370206205156,0.0
-0.02,0.035,0.0,-0.010724682836169223,0.017842362517192702,0.0
-0.0183333333333,0.035,0.0,-0.009943191464904497,0.01796061919425952,-1.2947207284258385e-18
-0.0166666666667,0.035,0.0,-0.009135282480176993,0.018070615987992287,-1.2947207284258385e-18
-0.015,0.035,0.0,-0.00830215715026764,0.01817184926800627,0.0
-0.0133333333333,0.035,0.0,-0.007445297122905847,0.018263841707282923,0.0
-0.0116666666667,0.035,0.0,-0.00656646425617779,0.01834614791568162,0.0
-0.01,0.035,0.0,-0.005667693984585717,0.018418359905760236,0.0
-0.00833333333333,0.035,0.0,-0.0047512818143350625,0.01848011227165298,-1.2947207284258385e-18
-0.00666666666667,0.035,0.0,-0.0038197628069732846,0.018531086963398082,-1.2947207284258385e-18
-0.005,0.035,0.0,-0.002875884213018734,0.018571017544464927,0.0
-0.00333333333333,0.035,0.0,-0.0019225717387274773,0.01859969282983658,0.0
-0.00166666666667,0.035,0.0,-0.0009628902485918035,0.018616959815086317,0.0
4.33680868994e-19,0.035,0.0,1.4744345987791696e-19,0.018622725823228038,1.2947207284258385e-18
0.00166666666667,0.035,0.0,0.0009628902485918036,0.018616959815086313,0.0
0.00333333333333,0.035,0.0,0.0019225717387274773,0.01859969282983658,0.0
0.005,0.035,0.0,0.002875884213018734,0.018571017544464927,0.0
0.00666666666667,0.035,0.0,0.0038197628069732846,0.018531086963398082,-1.2947207284258385e-18
0.00833333333333,0.035,0.0,0.004751281814335064,0.01848011227165298,-1.2947207284258385e-18
0.01,0.035,0.0,0.0056676939845857165,0.018418359905760236,0.0
0.0116666666667,0.035,0.0,0.006566464256177791,0.018346147915681624,0.0
0.0133333333333,0.035,0.0,0.007445297122905847,0.018263841707282923,0.0
0.015,0.035,0.0,0.00830215715026764,0.01817184926800627,-6.473603642129193e-19
0.0166666666667,0.035,0.0,0.009135282480176992,0.018070615987992287,0.0
0.0183333333333,0.035,0.0,0.009943191464904494,0.01796061919425952,-1.2947207284258385e-18
0.02,0.035,0.0,0.010724682836169223,0.017842362517192702,0.0
0.0216666666667,0.035,0.0,0.011478830029934701,0.017716370206205156,0.0
0.0233333333333,0.035,0.0,0.012204970445657364,0.017583181505185983,0.0
0.025,0.035,0.0,0.012902690517588307,0.01744334518925326,0.0
0.0266666666667,0.035,0.0,0.013571807517170242,0.01729741435253681,-6.473603642129193e-19
0.0283333333333,0.035,0.0,0.014212348998484933,0.017145941522736546,0.0
0.03,0.035,0.0,0.014824530750609523,0.016989474163508034,0.0
0.0316666666667,0.035,0.0,0.015408734039430001,0.01682855061037768,0.0
0.0333333333333,0.035,0.0,0.01596548282159978,0.016663696470493455,1.2947207284258385e-18
0.035,0.035,0.0,0.016495421502393227,0.01649542150239323,0.0
0.0366666666667,0.035,0.0,0.016999293691548442,0.016324216978892664,0.0
0.0383333333333,0.035,0.0,0.017477922300471422,0.01615055352441258,2.589441456851677e-18
0.04,0.035,0.0,0.017932191222277537,0.015974879408631005,0.0
0.0416666666667,0.035,0.0,0.009076674756562023,0.015797619270560236,1.2947207284258385e-18
-0.0416666666667,0.0366666666667,0.0,-0.008993231769856362,0.0163029870810134,0.0
-0.04,0.0366666666667,0.0,-0.017764401727560775,0.016480161172356435,-1.2947207284258385e-18
-0.0383333333333,0.0366666666667,0.0,-0.017308532382345046,0.01665555416425845,0.0
-0.0366666666667,0.0366666666667,0.0,-0.016828745654760537,0.01682874565476054,-1.2947207284258385e-18
-0.035,0.0366666666667,0.0,-0.01632421697889254,0.016999293691548442,0.0
-0.0333333333333,0.0366666666667,0.0,-0.01579418477108381,0.017166736165074584,-1.2947207284258385e-18
-0.0316666666667,0.0366666666667,0.0,-0.015237967873003133,0.017330592601439456,0.0
-0.03,0.0366666666667,0.0,-0.014654984373775238,0.01749036637366738,3.2368018210645963e-19
-0.0283333333333,0.0366666666667,0.0,-0.01404477156620572,0.01764554734232914,1.2947207284258385e-18
-0.0266666666667,0.0366666666667,0.0,-0.013407006699756242,0.017795614927476906,0.0
-0.025,0.0366666666667,0.0,-0.012741528093951345,0.017940041602928888,0.0
-0.0233333333333,0.0366666666667,0.0,-0.01204835607205834,0.018078296792154402,1.2947207284258385e-18
-0.0216666666667,0.0366666666667,0.0,-0.011327713078986086,0.01820985113261663,0.0
-0.02,0.0366666666667,0.0,-0.010580042263069307,0.018334181062183996,-6.473603642129193e-19
-0.0183333333333,0.0366666666667,0.0,-0.009806023735094479,0.018450773668404363,0.0
-0.0166666666667,0.0366666666667,0.0,-0.009006587682642387,0.018559131729519247,1.2947207284258385e-18
-0.015,0.0366666666667,0.0,-0.008182923519902829,0.018658778865071446,0.0
-0.0133333333333,0.0366666666667,0.0,-0.007336484298467895,0.018749264705067412,0.0
-0.0116666666667,0.0366666666667,0.0,-0.006468985700632861,0.01883016998030848,0.0
-0.01,0.0366666666667,0.0,-0.005582399084373048,0.018901111432580175,0.0
-0.00833333333333,0.0366666666667,0.0,-0.004678938245113519,0.01896174644278692,0.0
-0.00666666666667,0.0366666666667,0.0,-0.003761039798024889,0.019011777277802476,0.0
-0.005,0.0366666666667,0.0,-0.002831337354192288,0.019050954862366264,0.0
-0.00333333333333,0.0366666666667,0.0,-0.0018926299483295846,0.019079081991230026,0.0
-0.00166666666667,0.0366666666667,0.0,-0.000947845456563596,0.019096015908185077,1.2947207284258385e-18
4.33680868994e-19,0.0366666666667,0.0,1.5307845349621946e-19,0.019101670192403095,0.0
0.00166666666667,0.0366666666667,0.0,0.000947845456563596,0.019096015908185077,1.2947207284258385e-18
0.00333333333333,0.0366666666667,0.0,0.0018926299483295846,0.019079081991230026,0.0
0.005,0.0366666666667,0.0,0.002831337354192288,0.019050954862366264,6.473603642129193e-19
0.00666666666667,0.0366666666667,0.0,0.0037610397980248895,0.019011777277802476,0.0
0.00833333333333,0.0366666666667,0.0,0.004678938245113519,0.01896174644278692,-1.6184009105322981e-19
0.01,0.0366666666667,0.0,0.005582399084373047,0.018901111432580175,0.0
0.0116666666667,0.0366666666667,0.0,0.006468985700632862,0.018830169980308484,1.2947207284258385e-18
0.0133333333333,0.0366666666667,0.0,0.007336484298467898,0.018749264705067412,0.0
0.015,0.0366666666667,0.0,0.008182923519902829,0.018658778865071446,0.0
0.0166666666667,0.0366666666667,0.0,0.009006587682642387,0.018559131729519247,1.2947207284258385e-18
0.0183333333333,0.0366666666667,0.0,0.009806023735094479,0.018450773668404363,0.0
0.02,0.0366666666667,0.0,0.010580042263069307,0.018334181062183996,-6.473603642129193e-19
0.0216666666667,0.0366666666667,0.0,0.011327713078986086,0.01820985113261663,0.0
0.0233333333333,0.0366666666667,0.0,0.012048356072058342,0.018078296792154405,0.0
0.025,0.0366666666667,0.0,0.012741528093951345,0.017940041602928888,0.0
0.0266666666667,0.0366666666667,0.0,0.013407006699756243,0.017795614927476906,0.0
0.0283333333333,0.0366666666667,0.0,0.014044771566205724,0.01764554734232914,1.2947207284258385e-18
0.03,0.0366666666667,0.0,0.014654984373775238,0.01749036637366738,3.2368018210645963e-19
0.0316666666667,0.0366666666667,0.0,0.015237967873003133,0.017330592601439456,0.0
0.0333333333333,0.0366666666667,0.0,0.015794184771083807,0.01716673616507458,0.0
0.035,0.0366666666667,0.0,0.01632421697889254,0.016999293691548442,0.0
0.0366666666667,0.0366666666667,0.0,0.016828745654760537,0.01682874565476054,-1.2947207284258385e-18
0.0383333333333,0.0366666666667,0.0,0.017308532382345046,0.01665555416425845,0.0
0.04,0.0366666666667,0.0,0.017764401727560775,0.016480161172356435,-1.2947207284258385e-18
0.0416666666667,0.0366666666667,0.0,0.008993231769856362,0.016302987081013395,0.0
-0.0416666666667,0.0383333333333,0.0,-0.008908262373330556,0.01678518041136756,0.0
-0.04,0.0383333333333,0.0,-0.017593636023582906,0.01696173743501226,-1.2947207284258385e-18
-0.0383333333333,0.0383333333333,0.0,-0.01713632618262591,0.01713632618262591,6.473603642129193e-19
-0.0366666666667,0.0383333333333,0.0,-0.01665555416425845,0.01730853238234505,0.0
-0.035,0.0383333333333,0.0,-0.016150553524412466,0.017477922300471422,2.589441456851677e-18
-0.0333333333333,0.0383333333333,0.0,-0.015620622438495133,0.017644044226717347,1.6184009105322981e-19
-0.0316666666667,0.0383333333333,0.0,-0.01506514025966245,0.017806430326987092,0.0
-0.03,0.0383333333333,0.0,-0.014483585266329894,0.01796459887583102,0.0
-0.0283333333333,0.0383333333333,0.0,-0.013875553353346063,0.018118056873276903,0.0
-0.0266666666667,0.0383333333333,0.0,-0.013240777338003466,0.018266303042342998,-1.2947207284258385e-18
-0.025,0.0383333333333,0.0,-0.012579146464133953,0.018408831193557,0.0
-0.0233333333333,0.0383333333333,0.0,-0.011890725596448578,0.01854513393234491,6.473603642129193e-19
-0.0216666666667,0.0383333333333,0.0,-0.011175773515045576,0.018674706674458683,0.0
-0.02,0.0383333333333,0.0,-0.010434759649604232,0.018797051923407315,1.2947207284258385e-18
-0.0183333333333,0.0383333333333,0.0,-0.009668378539575199,0.018911683753356556,0.0
-0.0166666666667,0.0383333333333,0.0,-0.008877561282259262,0.019018132431548603,6.473603642129193e-19
-0.015,0.0383333333333,0.0,-0.00806348324008894,0.019115949105843515,-4.0460022763307453e-20
-0.0133333333333,0.0383333333333,0.0,-0.007227567326262774,0.019204710476597813,0.0
-0.0116666666667,0.0383333333333,0.0,-0.006371482280234284,0.01928402336800812,0.0
-0.01,0.0383333333333,0.0,-0.005497135481638412,0.019353529112033044,0.0
-0.00833333333333,0.0383333333333,0.0,-0.004606660029493285,0.019412907658761552,-1.2947207284258385e-18
-0.00666666666667,0.0383333333333,0.0,-0.003702396027696821,0.019461881330503736,-1.2947207284258385e-18
-0.005,0.0383333333333,0.0,-0.00278686625752146,0.01950021814242495,-1.2947207284258385e-18
-0.00333333333333,0.0383333333333,0.0,-0.0018627466686626708,0.019527734620625844,0.0
-0.00166666666667,0.0383333333333,0.0,-0.0009328323667660191,0.01954429805843107,6.473603642129193e-19
4.33680868994e-19,0.0383333333333,0.0,1.429158374108562e-19,0.019549828163162346,0.0
0.00166666666667,0.0383333333333,0.0,0.0009328323667660194,0.01954429805843107,6.473603642129193e-19
0.00333333333333,0.0383333333333,0.0,0.0018627466686626708,0.019527734620625844,0.0
0.005,0.0383333333333,0.0,0.00278686625752146,0.01950021814242495,-1.2947207284258385e-18
0.00666666666667,0.0383333333333,0.0,0.0037023960276968203,0.019461881330503736,-1.2947207284258385e-18
0.00833333333333,0.0383333333333,0.0,0.004606660029493285,0.019412907658761552,-1.2947207284258385e-18
0.01,0.0383333333333,0.0,0.005497135481638412,0.019353529112033044,0.0
0.0116666666667,0.0383333333333,0.0,0.006371482280234284,0.01928402336800812,0.0
0.0133333333333,0.0383333333333,0.0,0.007227567326262774,0.019204710476597813,0.0
0.015,0.0383333333333,0.0,0.00806348324008894,0.019115949105843515,-4.0460022763307453e-20
0.0166666666667,0.0383333333333,0.0,0.008877561282259265,0.019018132431548606,0.0
0.0183333333333,0.0383333333333,0.0,0.009668378539575202,0.01891168375335655,0.0
0.02,0.0383333333333,0.0,0.010434759649604232,0.018797051923407315,1.2947207284258385e-18
0.0216666666667,0.0383333333333,0.0,0.011175773515045576,0.018674706674458683,0.0
0.0233333333333,0.0383333333333,0.0,0.011890725596448578,0.01854513393234491,6.473603642129193e-19
0.025,0.0383333333333,0.0,0.012579146464133953,0.018408831193557,0.0
0.0266666666667,0.0383333333333,0.0,0.013240777338003466,0.018266303042342998,-1.2947207284258385e-18
0.0283333333333,0.0383333333333,0.0,0.013875553353346063,0.018118056873276903,0.0
0.03,0.0383333333333,0.0,0.014483585266329889,0.01796459887583102,0.0
0.0316666666667,0.0383333333333,0.0,0.01506514025966245,0.017806430326987092,1.2947207284258385e-18
0.0333333333333,0.0383333333333,0.0,0.015620622438495133,0.017644044226717347,1.6184009105322981e-19
0.035,0.0383333333333,0.0,0.016150553524412466,0.017477922300471422,2.589441456851677e-18
0.0366666666667,0.0383333333333,0.0,0.01665555416425845,0.01730853238234505,0.0
0.0383333333333,0.0383333333333,0.0,0.01713632618262591,0.017136326182625915,6.473603642129193e-19
0.04,0.0383333333333,0.0,0.017593636023582906,0.01696173743501226,-1.2947207284258385e-18
0.0416666666667,0.0383333333333,0.0,0.008908262373330552,0.01678518041136755,8.092004552661491e-20
-0.0416666666667,0.04,0.0,-0.008821975834945817,0.017244854020004544,1.2947207284258385e-18
-0.04,0.04,0.0,-0.01742031796799541,0.01742031796799541,0.0
-0.0383333333333,0.04,0.0,-0.01696173743501226,0.01759363602358279,-1.2947207284258385e-18
-0.0366666666667,0.04,0.0,-0.016480161172356435,0.017764401727560775,-1.2947207284258385e-18
-0.035,0.04,0.0,-0.015974879408631005,0.017932191222277537,0.0
-0.0333333333333,0.04,0.0,-0.015445248271857373,0.018096564804402884,0.0
-0.0316666666667,0.04,0.0,-0.014890705461880285,0.01825706881224286,0.0
-0.03,0.04,0.0,-0.01431078693656761,0.018413237854039213,0.0
-0.0283333333333,0.04,0.0,-0.013705144368179911,0.018564597376653946,0.0
-0.0266666666667,0.04,0.0,-0.013073563051700033,0.018710666566307765,0.0
-0.025,0.04,0.0,-0.012415979869278924,0.018850961564078502,0.0
-0.0233333333333,0.04,0.0,-0.011732500835549258,0.018984998969714034,0.0
-0.0216666666667,0.04,0.0,-0.011023417678597118,0.019112299598251396,0.0
-0.02,0.04,0.0,-0.010289222853242526,0.01923239244462275,0.0
-0.0183333333333,0.04,0.0,-0.009530622341392493,0.01934481880302268,6.473603642129193e-19
-0.0166666666667,0.04,0.0,-0.008748545578891744,0.019449136480597536,0.0
-0.015,0.04,0.0,-0.007944151863462078,0.019544924038788086,0.0
-0.0133333333333,0.04,0.0,-0.00711883264741545,0.01963178499136287,0.0
-0.0116666666667,0.04,0.0,-0.006274209206887434,0.01970935188594688,0.0
-0.01,0.04,0.0,-0.005412125306015817,0.019777290195328357,-8.092004552661491e-20
-0.00833333333333,0.04,0.0,-0.004534634636103559,0.01983530194659364,-3.2368018210645963e-19
-0.00666666666667,0.04,0.0,-0.003643983001546534,0.01988312901999161,0.0
-0.005,0.04,0.0,-0.002742585436896623,0.019920556054805163,0.0
-0.00333333333333,0.04,0.0,-0.0018329986602835405,0.019947412906758978,-1.2947207284258385e-18
-0.00166666666667,0.04,0.0,-0.0009178894841366114,0.019963576609907004,-1.2947207284258385e-18
4.33680868994e-19,0.04,0.0,1.2203828498613064e-19,0.019968972805415947,-1.2947207284258385e-18
0.00166666666667,0.04,0.0,0.0009178894841366114,0.019963576609907004,-1.2947207284258385e-18
0.00333333333333,0.04,0.0,0.0018329986602835403,0.019947412906758978,-1.2947207284258385e-18
0.005,0.04,0.0,0.002742585436896623,0.019920556054805163,0.0
0.00666666666667,0.04,0.0,0.003643983001546534,0.01988312901999161,0.0
0.00833333333333,0.04,0.0,0.004534634636103559,0.01983530194659365,0.0
0.01,0.04,0.0,0.005412125306015817,0.019777290195328357,-8.092004552661491e-20
0.0116666666667,0.04,0.0,0.006274209206887434,0.019709351885946875,0.0
0.0133333333333,0.04,0.0,0.00711883264741545,0.01963178499136287,0.0
0.015,0.04,0.0,0.007944151863462078,0.019544924038788086,0.0
0.0166666666667,0.04,0.0,0.008748545578891747,0.019449136480597547,-1.2947207284258385e-18
0.0183333333333,0.04,0.0,0.009530622341392495,0.01934481880302268,6.473603642129193e-19
0.02,0.04,0.0,0.01028922285324253,0.01923239244462275,0.0
0.0216666666667,0.04,0.0,0.011023417678597118,0.019112299598251396,1.2947207284258385e-18
0.0233333333333,0.04,0.0,0.011732500835549258,0.018984998969714038,0.0
0.025,0.04,0.0,0.012415979869278919,0.018850961564078502,0.0
0.0266666666667,0.04,0.0,0.013073563051700033,0.018710666566307765,0.0
0.0283333333333,0.04,0.0,0.013705144368179914,0.018564597376653946,0.0
0.03,0.04,0.0,0.01431078693656761,0.018413237854039217,0.0
0.0316666666667,0.04,0.0,0.014890705461880285,0.01825706881224286,0.0
0.0333333333333,0.04,0.0,0.015445248271857373,0.018096564804402884,0.0
0.035,0.04,0.0,0.015974879408631005,0.017932191222277537,0.0
0.0366666666667,0.04,0.0,0.016480161172356438,0.017764401727560775,-1.2947207284258385e-18
0.0383333333333,0.04,0.0,0.016961737435012267,0.01759363602358279,0.0
0.04,0.04,0.0,0.01742031796799541,0.01742031796799541,0.0
0.0416666666667,0.04,0.0,0.008821975834945817,0.01724485402000454,1.2947207284258385e-18
-0.0416666666667,0.0416666666667,0.0,-0.008734573234223745,0.008734573234223745,0.0
-0.04,0.0416666666667,0.0,-0.017244854020004658,0.008821975834945817,1.2947207284258385e-18
-0.0383333333333,0.0416666666667,0.0,-0.016785180411367548,0.00890826237333044,0.0
-0.0366666666667,0.0416666666667,0.0,-0.016302987081013274,0.008993231769856362,0.0
-0.035,0.0416666666667,0.0,-0.015797619270560233,0.009076674756562023,-1.2947207284258385e-18
-0.0333333333333,0.0416666666667,0.0,-0.015268489054774861,0.009158374667288399,0.0
-0.0316666666667,0.0416666666667,0.0,-0.01471509013344235,0.009238108386898279,0.0
-0.03,0.0416666666667,0.0,-0.014137013476124848,0.009315647461369916,0.0
-0.0283333333333,0.0416666666667,0.0,-0.01353396358035009,0.009390759367254971,0.0
-0.0266666666667,0.0416666666667,0.0,-0.012905775037339424,0.009463208935303662,0.0
-0.025,0.0416666666667,0.0,-0.012252429031259655,0.009532759918835986,-1.2947207284258385e-18
-0.0233333333333,0.0416666666667,0.0,-0.011574069329194478,0.009599176693187867,0.0
-0.0216666666667,0.0416666666667,0.0,-0.0108710172600196,0.009662226068425737,-1.2947207284258385e-18
-0.02,0.0416666666667,0.0,-0.010143785132959727,0.009721679193319134,0.0
-0.0183333333333,0.0416666666667,0.0,-0.009393087514413211,0.009777313524856151,-1.2947207284258385e-18
-0.0166666666667,0.0416666666667,0.0,-0.008619849773771183,0.009828914834486667,0.0
-0.015,0.0416666666667,0.0,-0.007825213328465808,0.009876279219678898,0.0
-0.0133333333333,0.0416666666667,0.0,-0.007010537067832047,0.009919215087698984,0.0
-0.0116666666667,0.0416666666667,0.0,-0.006177394518690901,0.009957545077822509,-1.2947207284258385e-18
-0.01,0.0416666666667,0.0,-0.005327566432127933,0.009991107888250956,0.0
-0.00833333333333,0.0416666666667,0.0,-0.0044630286170238235,0.010019759975102587,-1.2947207284258385e-18
-0.00666666666667,0.0416666666667,0.0,-0.003585935017121613,0.010043377092850721,0.0
-0.005,0.0416666666667,0.0,-0.002698596216600234,0.010061855648214858,-1.2947207284258385e-18
-0.00333333333333,0.0416666666667,0.0,-0.0018034537532138789,0.010075113842922702,6.473603642129193e-19
-0.00166666666667,0.0416666666667,0.0,-0.000903050806617897,0.01008309258462425,-6.473603642129193e-19
4.33680868994e-19,0.0416666666667,0.0,1.1288379072116588e-19,0.010085756149497378,0.0
0.00166666666667,0.0416666666667,0.0,0.0009030508066178973,0.01008309258462425,-6.473603642129193e-19
0.00333333333333,0.0416666666667,0.0,0.0018034537532138793,0.010075113842922702,6.473603642129193e-19
0.005,0.0416666666667,0.0,0.002698596216600234,0.010061855648214858,-1.2947207284258385e-18
0.00666666666667,0.0416666666667,0.0,0.003585935017121613,0.010043377092850721,0.0
0.00833333333333,0.0416666666667,0.0,0.0044630286170238235,0.010019759975102589,-1.2947207284258385e-18
0.01,0.0416666666667,0.0,0.005327566432127933,0.009991107888250956,0.0
0.0116666666667,0.0416666666667,0.0,0.006177394518690901,0.009957545077822505,-1.2947207284258385e-18
0.0133333333333,0.0416666666667,0.0,0.007010537067832047,0.009919215087698984,0.0
0.015,0.0416666666667,0.0,0.007825213328465808,0.009876279219678898,0.0
0.0166666666667,0.0416666666667,0.0,0.008619849773771183,0.009828914834486667,0.0
0.0183333333333,0.0416666666667,0.0,0.009393087514413213,0.009777313524856151,-1.2947207284258385e-18
0.02,0.0416666666667,0.0,0.010143785132959727,0.009721679193319134,0.0
0.0216666666667,0.0416666666667,0.0,0.0108710172600196,0.009662226068425737,-1.2947207284258385e-18
0.0233333333333,0.0416666666667,0.0,0.011574069329194478,0.009599176693187867,0.0
0.025,0.0416666666667,0.0,0.012252429031259653,0.009532759918835986,0.0
0.0266666666667,0.0416666666667,0.0,0.012905775037339423,0.009463208935303662,0.0
0.0283333333333,0.0416666666667,0.0,0.013533963580350087,0.009390759367254971,0.0
0.03,0.0416666666667,0.0,0.014137013476124853,0.009315647461369918,0.0
0.0316666666667,0.0416666666667,0.0,0.014715090133442355,0.009238108386898279,0.0
0.0333333333333,0.0416666666667,0.0,0.015268489054774861,0.009158374667288399,0.0
0.035,0.0416666666667,0.0,0.015797619270560236,0.009076674756562023,1.2947207284258385e-18
0.0366666666667,0.0416666666667,0.0,0.016302987081013274,0.008993231769856362,0.0
0.0383333333333,0.0416666666667,0.0,0.016785180411367548,0.00890826237333044,0.0
0.04,0.0416666666667,0.0,0.017244854020004658,0.008821975834945817,1.2947207284258385e-18
0.0416666666667,0.0416666666667,0.0,0.008734573234223745,0.008734573234223745,0.0
